一生けん命,1314,1314,3989,名詞,副詞可能,*,*,*,*,一生けん命,イッショウケンメイ,イッショーケンメイ,イウイオウエウエイ,イウイオエウエイ
真昼,1314,1314,5221,名詞,副詞可能,*,*,*,*,真昼,マヒル,マヒル,アイウ,アイウ
位,1314,1314,5941,名詞,副詞可能,*,*,*,*,位,クライ,クライ,ウアイ,ウアイ
今日日,1314,1314,5221,名詞,副詞可能,*,*,*,*,今日日,キョウビ,キョービ,イオウイ,イオイ
いつか,1314,1314,5896,名詞,副詞可能,*,*,*,*,いつか,イツカ,イツカ,イウア,イウア
近頃,1314,1314,5337,名詞,副詞可能,*,*,*,*,近頃,チカゴロ,チカゴロ,イアオオ,イアオオ
行く先,1314,1314,5561,名詞,副詞可能,*,*,*,*,行く先,ユクサキ,ユクサキ,ウウアイ,ウウアイ
３月,1314,1314,2728,名詞,副詞可能,*,*,*,*,３月,サンガツ,サンガツ,アウアウ,アウアウ
再来年,1314,1314,5101,名詞,副詞可能,*,*,*,*,再来年,サライネン,サライネン,アアイエウ,アアイエウ
すべて,1314,1314,4851,名詞,副詞可能,*,*,*,*,すべて,スベテ,スベテ,ウエエ,ウエエ
等々,1314,1314,5125,名詞,副詞可能,*,*,*,*,等々,トウトウ,トートー,オウオウ,オオ
前回,1314,1314,6647,名詞,副詞可能,*,*,*,*,前回,ゼンカイ,ゼンカイ,エウアイ,エウアイ
全部,1314,1314,5173,名詞,副詞可能,*,*,*,*,全部,ゼンブ,ゼンブ,エウウ,エウウ
此の内,1314,1314,5222,名詞,副詞可能,*,*,*,*,此の内,コノウチ,コノウチ,オオウイ,オオウイ
平日,1314,1314,3420,名詞,副詞可能,*,*,*,*,平日,ヘイジツ,ヘイジツ,エイイウ,エイイウ
現代,1314,1314,7964,名詞,副詞可能,*,*,*,*,現代,ゲンダイ,ゲンダイ,エウアイ,エウアイ
深夜,1314,1314,4246,名詞,副詞可能,*,*,*,*,深夜,シンヤ,シンヤ,イウア,イウア
おとつい,1314,1314,6348,名詞,副詞可能,*,*,*,*,おとつい,オトツイ,オトツイ,オオウイ,オオウイ
じき,1314,1314,5569,名詞,副詞可能,*,*,*,*,じき,ジキ,ジキ,イイ,イイ
砌,1314,1314,5221,名詞,副詞可能,*,*,*,*,砌,ミギリ,ミギリ,イイイ,イイイ
時間,1314,1314,1342,名詞,副詞可能,*,*,*,*,時間,ジカン,ジカン,イアウ,イアウ
限り,1314,1314,6391,名詞,副詞可能,*,*,*,*,限り,カギリ,カギリ,アイイ,アイイ
家中,1314,1314,4907,名詞,副詞可能,*,*,*,*,家中,イエジュウ,イエジュー,イエイウウ,イエイウ
このごろ,1314,1314,3320,名詞,副詞可能,*,*,*,*,このごろ,コノゴロ,コノゴロ,オオオオ,オオオオ
道中,1314,1314,5212,名詞,副詞可能,*,*,*,*,道中,ドウチュウ,ドーチュー,オウイウウ,オイウ
上,1314,1314,8877,名詞,副詞可能,*,*,*,*,上,ウエ,ウエ,ウエ,ウエ
所所,1314,1314,5373,名詞,副詞可能,*,*,*,*,所所,トコロドコロ,トコロドコロ,オオオオオオ,オオオオオオ
没後,1314,1314,5527,名詞,副詞可能,*,*,*,*,没後,ボツゴ,ボツゴ,オウオ,オウオ
全員,1314,1314,6982,名詞,副詞可能,*,*,*,*,全員,ゼンイン,ゼンイン,エウイウ,エウイウ
ひとつ,1314,1314,4501,名詞,副詞可能,*,*,*,*,ひとつ,ヒトツ,ヒトツ,イオウ,イオウ
以来,1314,1314,771,名詞,副詞可能,*,*,*,*,以来,イライ,イライ,イアイ,イアイ
毎秋,1314,1314,5204,名詞,副詞可能,*,*,*,*,毎秋,マイシュウ,マイシュー,アイイウウ,アイイウ
終夜,1314,1314,5221,名詞,副詞可能,*,*,*,*,終夜,シュウヤ,シューヤ,イウウア,イウア
８月,1314,1314,2807,名詞,副詞可能,*,*,*,*,８月,ハチガツ,ハチガツ,アイアウ,アイアウ
いっぺん,1314,1314,6672,名詞,副詞可能,*,*,*,*,いっぺん,イッペン,イッペン,イウエウ,イウエウ
神無月,1314,1314,5221,名詞,副詞可能,*,*,*,*,神無月,カミナヅキ,カミナズキ,アイアウイ,アイアウイ
たくさん,1314,1314,1756,名詞,副詞可能,*,*,*,*,たくさん,タクサン,タクサン,アウアウ,アウアウ
死後,1314,1314,5886,名詞,副詞可能,*,*,*,*,死後,シゴ,シゴ,イオ,イオ
以降,1314,1314,4320,名詞,副詞可能,*,*,*,*,以降,イコウ,イコー,イオウ,イオ
来春,1314,1314,2457,名詞,副詞可能,*,*,*,*,来春,ライシュン,ライシュン,アイイウウ,アイイウウ
来春,1314,1314,7376,名詞,副詞可能,*,*,*,*,来春,ライハル,ライハル,アイアウ,アイアウ
真夜中,1314,1314,5202,名詞,副詞可能,*,*,*,*,真夜中,マヨナカ,マヨナカ,アオアア,アオアア
晩秋,1314,1314,5636,名詞,副詞可能,*,*,*,*,晩秋,バンシュウ,バンシュー,アウイウウ,アウイウ
明け方,1314,1314,5122,名詞,副詞可能,*,*,*,*,明け方,アケガタ,アケガタ,アエアア,アエアア
じっちゅうはっく,1314,1314,6348,名詞,副詞可能,*,*,*,*,じっちゅうはっく,ジッチュウハック,ジッチュウハック,イウイウウアウウ,イウイウウアウウ
あまり,1314,1314,6945,名詞,副詞可能,*,*,*,*,あまり,アマリ,アマリ,アアイ,アアイ
暮方,1314,1314,5221,名詞,副詞可能,*,*,*,*,暮方,クレガタ,クレガタ,ウエアア,ウエアア
毎朝,1314,1314,5065,名詞,副詞可能,*,*,*,*,毎朝,マイアサ,マイアサ,アイアア,アイアア
昔時,1314,1314,5221,名詞,副詞可能,*,*,*,*,昔時,セキジ,セキジ,エイイ,エイイ
明日,1314,1314,3114,名詞,副詞可能,*,*,*,*,明日,アシタ,アシタ,アイア,アイア
明日,1314,1314,6891,名詞,副詞可能,*,*,*,*,明日,アス,アス,アウ,アウ
この頃,1314,1314,5916,名詞,副詞可能,*,*,*,*,この頃,コノゴロ,コノゴロ,オオオオ,オオオオ
従来,1314,1314,5221,名詞,副詞可能,*,*,*,*,従来,ジュウライ,ジューライ,イウウアイ,イウアイ
明方,1314,1314,5207,名詞,副詞可能,*,*,*,*,明方,アケガタ,アケガタ,アエアア,アエアア
時折,1314,1314,3199,名詞,副詞可能,*,*,*,*,時折,トキオリ,トキオリ,オイオイ,オイオイ
挙句,1314,1314,5221,名詞,副詞可能,*,*,*,*,挙句,アゲク,アゲク,アエウ,アエウ
一昨年,1314,1314,1375,名詞,副詞可能,*,*,*,*,一昨年,イッサクネン,イッサクネン,イウアウエウ,イウアウエウ
一昨年,1314,1314,6541,名詞,副詞可能,*,*,*,*,一昨年,オトトシ,オトトシ,オオオイ,オオオイ
明けがた,1314,1314,5207,名詞,副詞可能,*,*,*,*,明けがた,アケガタ,アケガタ,アエアア,アエアア
その間,1314,1314,6589,名詞,副詞可能,*,*,*,*,その間,ソノカン,ソノカン,オオアウ,オオアウ
来月,1314,1314,5123,名詞,副詞可能,*,*,*,*,来月,ライゲツ,ライゲツ,アイエウ,アイエウ
近く,1314,1314,2940,名詞,副詞可能,*,*,*,*,近く,チカク,チカク,イアウ,イアウ
過日,1314,1314,5221,名詞,副詞可能,*,*,*,*,過日,カジツ,カジツ,アイウ,アイウ
明明後日,1314,1314,5221,名詞,副詞可能,*,*,*,*,明明後日,シアサッテ,シアサッテ,イアアウエ,イアアウエ
半分,1314,1314,3314,名詞,副詞可能,*,*,*,*,半分,ハンブン,ハンブン,アウウウ,アウウウ
今春,1314,1314,5042,名詞,副詞可能,*,*,*,*,今春,コンシュン,コンシュン,オウイウウ,オウイウウ
今どき,1314,1314,5213,名詞,副詞可能,*,*,*,*,今どき,イマドキ,イマドキ,イアオイ,イアオイ
夜さり,1314,1314,5221,名詞,副詞可能,*,*,*,*,夜さり,ヨサリ,ヨサリ,オアイ,オアイ
土曜,1314,1314,3988,名詞,副詞可能,*,*,*,*,土曜,ドヨウ,ドヨー,オオウ,オオ
春先,1314,1314,5091,名詞,副詞可能,*,*,*,*,春先,ハルサキ,ハルサキ,アウアイ,アウアイ
払暁,1314,1314,5221,名詞,副詞可能,*,*,*,*,払暁,フツギョウ,フツギョー,ウウイオウ,ウウイオ
別れぎわ,1314,1314,5212,名詞,副詞可能,*,*,*,*,別れぎわ,ワカレギワ,ワカレギワ,アアエイア,アアエイア
旧臘,1314,1314,5221,名詞,副詞可能,*,*,*,*,旧臘,キュウロウ,キューロー,イウウオウ,イウオ
目今,1314,1314,5221,名詞,副詞可能,*,*,*,*,目今,モッコン,モッコン,オウオウ,オウオウ
場合,1314,1314,5150,名詞,副詞可能,*,*,*,*,場合,バアイ,バアイ,アアイ,アアイ
昔,1314,1314,4037,名詞,副詞可能,*,*,*,*,昔,ムカシ,ムカシ,ウアイ,ウアイ
生来,1314,1314,5332,名詞,副詞可能,*,*,*,*,生来,セイライ,セイライ,エイアイ,エイアイ
朝暮,1314,1314,5198,名詞,副詞可能,*,*,*,*,朝暮,チョウボ,チョーボ,イオウオ,イオオ
本日,1314,1314,4786,名詞,副詞可能,*,*,*,*,本日,ホンジツ,ホンジツ,オウイウ,オウイウ
夜前,1314,1314,5221,名詞,副詞可能,*,*,*,*,夜前,ヤゼン,ヤゼン,アエウ,アエウ
一生,1314,1314,3611,名詞,副詞可能,*,*,*,*,一生,イッショウ,イッショー,イウイオウ,イウイオ
みずから,1314,1314,6348,名詞,副詞可能,*,*,*,*,みずから,ミズカラ,ミズカラ,イウアア,イウアア
元朝,1314,1314,5221,名詞,副詞可能,*,*,*,*,元朝,ガンチョウ,ガンチョー,アウイオウ,アウイオ
以後,1314,1314,5932,名詞,副詞可能,*,*,*,*,以後,イゴ,イゴ,イオ,イオ
昨晩,1314,1314,5316,名詞,副詞可能,*,*,*,*,昨晩,サクバン,サクバン,アウアウ,アウアウ
小半時,1314,1314,5221,名詞,副詞可能,*,*,*,*,小半時,コハントキ,コハントキ,オアウオイ,オアウオイ
先だって,1314,1314,4141,名詞,副詞可能,*,*,*,*,先だって,センダッテ,センダッテ,エウアウエ,エウアウエ
両度,1314,1314,5355,名詞,副詞可能,*,*,*,*,両度,リョウド,リョード,イオウオ,イオオ
産後,1314,1314,5457,名詞,副詞可能,*,*,*,*,産後,サンゴ,サンゴ,アウオ,アウオ
今回,1314,1314,2815,名詞,副詞可能,*,*,*,*,今回,コンカイ,コンカイ,オウアイ,オウアイ
時下,1314,1314,5524,名詞,副詞可能,*,*,*,*,時下,ジカ,ジカ,イア,イア
せい,1314,1314,7789,名詞,副詞可能,*,*,*,*,せい,セイ,セイ,エイ,エイ
昨秋,1314,1314,5345,名詞,副詞可能,*,*,*,*,昨秋,サクシュウ,サクシュー,アウイウウ,アウイウ
開口一番,1314,1314,6339,名詞,副詞可能,*,*,*,*,開口一番,カイコウイチバン,カイコーイチバン,アイオウイイアウ,アイオイイアウ
この節,1314,1314,6348,名詞,副詞可能,*,*,*,*,この節,コノセツ,コノセツ,オオエウ,オオエウ
大方,1314,1314,5432,名詞,副詞可能,*,*,*,*,大方,オオカタ,オーカタ,オオアア,オアア
来週,1314,1314,5066,名詞,副詞可能,*,*,*,*,来週,ライシュウ,ライシュー,アイイウウ,アイイウ
早朝,1314,1314,4683,名詞,副詞可能,*,*,*,*,早朝,ソウチョウ,ソーチョー,オウイオウ,オイオ
一目,1314,1314,5189,名詞,副詞可能,*,*,*,*,一目,ヒトメ,ヒトメ,イオエ,イオエ
此の度,1314,1314,5257,名詞,副詞可能,*,*,*,*,此の度,コノタビ,コノタビ,オオアイ,オオアイ
うち,1314,1314,8571,名詞,副詞可能,*,*,*,*,うち,ウチ,ウチ,ウイ,ウイ
一丁,1314,1314,4921,名詞,副詞可能,*,*,*,*,一丁,イッチョウ,イッチョー,イウイオウ,イウイオ
満目,1314,1314,5221,名詞,副詞可能,*,*,*,*,満目,マンモク,マンモク,アウオウ,アウオウ
平生,1314,1314,5221,名詞,副詞可能,*,*,*,*,平生,ヘイゼイ,ヘイゼイ,エイエイ,エイエイ
そもそも,1314,1314,6095,名詞,副詞可能,*,*,*,*,そもそも,ソモソモ,ソモソモ,オオオオ,オオオオ
単身,1314,1314,6456,名詞,副詞可能,*,*,*,*,単身,タンシン,タンシン,アウイウ,アウイウ
先頃,1314,1314,5103,名詞,副詞可能,*,*,*,*,先頃,サキゴロ,サキゴロ,アイオオ,アイオオ
午後,1314,1314,3533,名詞,副詞可能,*,*,*,*,午後,ゴゴ,ゴゴ,オオ,オオ
夜半,1314,1314,5209,名詞,副詞可能,*,*,*,*,夜半,ヤハン,ヤハン,アアウ,アアウ
堅ろう,1314,1314,5221,名詞,副詞可能,*,*,*,*,堅ろう,ケンロウ,ケンロー,エウオウ,エウオ
今季,1314,1314,5085,名詞,副詞可能,*,*,*,*,今季,コンキ,コンキ,オウイ,オウイ
昨夏,1314,1314,3497,名詞,副詞可能,*,*,*,*,昨夏,サクナツ,サクナツ,アウアウ,アウアウ
昨夏,1314,1314,6499,名詞,副詞可能,*,*,*,*,昨夏,サッカ,サッカ,アウア,アウア
土曜日,1314,1314,6504,名詞,副詞可能,*,*,*,*,土曜日,ドヨウビ,ドヨービ,オオウイ,オオイ
一躍,1314,1314,4809,名詞,副詞可能,*,*,*,*,一躍,イチヤク,イチヤク,イイアウ,イイアウ
来年,1314,1314,2483,名詞,副詞可能,*,*,*,*,来年,ライネン,ライネン,アイエウ,アイエウ
当分,1314,1314,3280,名詞,副詞可能,*,*,*,*,当分,トウブン,トーブン,オウウウ,オウウ
九月,1314,1314,2699,名詞,副詞可能,*,*,*,*,九月,クガツ,クガツ,ウアウ,ウアウ
満面,1314,1314,5483,名詞,副詞可能,*,*,*,*,満面,マンメン,マンメン,アウエウ,アウエウ
一昨々日,1314,1314,4046,名詞,副詞可能,*,*,*,*,一昨々日,サキオトトイ,サキオトトイ,アイオオオイ,アイオオオイ
屡次,1314,1314,5221,名詞,副詞可能,*,*,*,*,屡次,ルジ,ルジ,ウイ,ウイ
全体,1314,1314,4060,名詞,副詞可能,*,*,*,*,全体,ゼンタイ,ゼンタイ,エウアイ,エウアイ
むかし,1314,1314,6011,名詞,副詞可能,*,*,*,*,むかし,ムカシ,ムカシ,ウアイ,ウアイ
晩冬,1314,1314,5221,名詞,副詞可能,*,*,*,*,晩冬,バントウ,バントー,アウオウ,アウオ
暮れ,1314,1314,2580,名詞,副詞可能,*,*,*,*,暮れ,クレ,クレ,ウエ,ウエ
一律,1314,1314,3005,名詞,副詞可能,*,*,*,*,一律,イチリツ,イチリツ,イイイウ,イイイウ
所々,1314,1314,5058,名詞,副詞可能,*,*,*,*,所々,トコロドコロ,トコロドコロ,オオオオオオ,オオオオオオ
月,1314,1314,11949,名詞,副詞可能,*,*,*,*,月,ガツ,ガツ,アウ,アウ
一方,1314,1314,2306,名詞,副詞可能,*,*,*,*,一方,イッポウ,イッポー,イウオウ,イウオ
真っ盛り,1314,1314,4530,名詞,副詞可能,*,*,*,*,真っ盛り,マッサカリ,マッサカリ,アウアアイ,アウアアイ
向後,1314,1314,5229,名詞,副詞可能,*,*,*,*,向後,コウゴ,コーゴ,オウオ,オオ
４月,1314,1314,2973,名詞,副詞可能,*,*,*,*,４月,シガツ,シガツ,イアウ,イアウ
くせ,1314,1314,7198,名詞,副詞可能,*,*,*,*,くせ,クセ,クセ,ウエ,ウエ
去歳,1314,1314,5221,名詞,副詞可能,*,*,*,*,去歳,キョサイ,キョサイ,イオアイ,イオアイ
時期,1314,1314,2405,名詞,副詞可能,*,*,*,*,時期,ジキ,ジキ,イイ,イイ
きょう,1314,1314,4354,名詞,副詞可能,*,*,*,*,きょう,キョウ,キョー,イオウ,イオ
のちのち,1314,1314,6348,名詞,副詞可能,*,*,*,*,のちのち,ノチノチ,ノチノチ,オイオイ,オイオイ
結果,1314,1314,644,名詞,副詞可能,*,*,*,*,結果,ケッカ,ケッカ,エウア,エウア
大数,1314,1314,5242,名詞,副詞可能,*,*,*,*,大数,タイスウ,タイスー,アイウウ,アイウ
行先,1314,1314,5282,名詞,副詞可能,*,*,*,*,行先,ユクサキ,ユクサキ,ウウアイ,ウウアイ
夜,1314,1314,5244,名詞,副詞可能,*,*,*,*,夜,ヨル,ヨル,オウ,オウ
夜,1314,1314,9463,名詞,副詞可能,*,*,*,*,夜,ヨ,ヨ,オ,オ
短時間,1314,1314,4949,名詞,副詞可能,*,*,*,*,短時間,タンジカン,タンジカン,アウイアウ,アウイアウ
中頃,1314,1314,5259,名詞,副詞可能,*,*,*,*,中頃,ナカゴロ,ナカゴロ,アアオオ,アアオオ
末葉,1314,1314,5221,名詞,副詞可能,*,*,*,*,末葉,マツヨウ,マツヨー,アウオウ,アウオ
当世,1314,1314,5222,名詞,副詞可能,*,*,*,*,当世,トウセイ,トーセイ,オウエイ,オエイ
もと,1314,1314,9179,名詞,副詞可能,*,*,*,*,もと,モト,モト,オオ,オオ
暇暇,1314,1314,5221,名詞,副詞可能,*,*,*,*,暇暇,ヒマヒマ,ヒマヒマ,イアイア,イアイア
明六つ,1314,1314,5221,名詞,副詞可能,*,*,*,*,明六つ,アケムツ,アケムツ,アエウウ,アエウウ
直後,1314,1314,3674,名詞,副詞可能,*,*,*,*,直後,チョクゴ,チョクゴ,イオウオ,イオウオ
再来月,1314,1314,5221,名詞,副詞可能,*,*,*,*,再来月,サライゲツ,サライゲツ,アアイエウ,アアイエウ
晩春,1314,1314,5221,名詞,副詞可能,*,*,*,*,晩春,バンシュン,バンシュン,アウイウウ,アウイウウ
中盤,1314,1314,4905,名詞,副詞可能,*,*,*,*,中盤,チュウバン,チューバン,イウウアウ,イウアウ
各々,1314,1314,5374,名詞,副詞可能,*,*,*,*,各々,オノオノ,オノオノ,オオオオ,オオオオ
なかば,1314,1314,6626,名詞,副詞可能,*,*,*,*,なかば,ナカバ,ナカバ,アアア,アアア
翌年,1314,1314,2957,名詞,副詞可能,*,*,*,*,翌年,ヨクネン,ヨクネン,オウエウ,オウエウ
翌年,1314,1314,7326,名詞,副詞可能,*,*,*,*,翌年,ヨクトシ,ヨクトシ,オウオイ,オウオイ
時,1314,1314,9674,名詞,副詞可能,*,*,*,*,時,トキ,トキ,オイ,オイ
朝まだき,1314,1314,5221,名詞,副詞可能,*,*,*,*,朝まだき,アサマダキ,アサマダキ,アアアアイ,アアアアイ
少々,1314,1314,8304,名詞,副詞可能,*,*,*,*,少々,ショウショウ,ショーショー,イオウイオウ,イオイオ
長期,1314,1314,6914,名詞,副詞可能,*,*,*,*,長期,チョウキ,チョーキ,イオウイ,イオイ
九分九厘,1314,1314,4046,名詞,副詞可能,*,*,*,*,九分九厘,クブクリン,クブクリン,ウウウイウ,ウウウイウ
他,1314,1314,8014,名詞,副詞可能,*,*,*,*,他,ホカ,ホカ,オア,オア
ぜんぶ,1314,1314,6371,名詞,副詞可能,*,*,*,*,ぜんぶ,ゼンブ,ゼンブ,エウウ,エウウ
足早,1314,1314,5221,名詞,副詞可能,*,*,*,*,足早,アシバヤ,アシバヤ,アイアア,アイアア
一回り,1314,1314,5117,名詞,副詞可能,*,*,*,*,一回り,ヒトマワリ,ヒトマワリ,イオアアイ,イオアアイ
客月,1314,1314,5221,名詞,副詞可能,*,*,*,*,客月,カクゲツ,カクゲツ,アウエウ,アウエウ
津々浦々,1314,1314,5221,名詞,副詞可能,*,*,*,*,津々浦々,ツツウラウラ,ツツウラウラ,ウウウアウア,ウウウアウア
一刻,1314,1314,4435,名詞,副詞可能,*,*,*,*,一刻,イッコク,イッコク,イウオウ,イウオウ
いっさい,1314,1314,6251,名詞,副詞可能,*,*,*,*,いっさい,イッサイ,イッサイ,イウアイ,イウアイ
元来,1314,1314,4752,名詞,副詞可能,*,*,*,*,元来,ガンライ,ガンライ,アウアイ,アウアイ
昨春,1314,1314,5212,名詞,副詞可能,*,*,*,*,昨春,サクシュン,サクシュン,アウイウウ,アウイウウ
１２月,1314,1314,899,名詞,副詞可能,*,*,*,*,１２月,ジュウニガツ,ジューニガツ,イウウイアウ,イウイアウ
中期,1314,1314,6246,名詞,副詞可能,*,*,*,*,中期,チュウキ,チューキ,イウウイ,イウイ
急ぎ,1314,1314,4087,名詞,副詞可能,*,*,*,*,急ぎ,イソギ,イソギ,イオイ,イオイ
水曜,1314,1314,5306,名詞,副詞可能,*,*,*,*,水曜,スイヨウ,スイヨー,ウイオウ,ウイオ
若干,1314,1314,5216,名詞,副詞可能,*,*,*,*,若干,ジャッカン,ジャッカン,イアウアウ,イアウアウ
来夏,1314,1314,4561,名詞,副詞可能,*,*,*,*,来夏,ライカ,ライカ,アイア,アイア
小半日,1314,1314,5221,名詞,副詞可能,*,*,*,*,小半日,コハンニチ,コハンニチ,オアウイイ,オアウイイ
木曜日,1314,1314,5149,名詞,副詞可能,*,*,*,*,木曜日,モクヨウビ,モクヨービ,オウオウイ,オウオイ
木曜,1314,1314,5288,名詞,副詞可能,*,*,*,*,木曜,モクヨウ,モクヨー,オウオウ,オウオ
下,1314,1314,8067,名詞,副詞可能,*,*,*,*,下,モト,モト,オオ,オオ
内実,1314,1314,5390,名詞,副詞可能,*,*,*,*,内実,ナイジツ,ナイジツ,アイイウ,アイイウ
一昨昨年,1314,1314,4046,名詞,副詞可能,*,*,*,*,一昨昨年,サキオトトシ,サキオトトシ,アイオオオイ,アイオオオイ
席上,1314,1314,5336,名詞,副詞可能,*,*,*,*,席上,セキジョウ,セキジョー,エイイオウ,エイイオ
近年,1314,1314,5196,名詞,副詞可能,*,*,*,*,近年,キンネン,キンネン,イウエウ,イウエウ
今次,1314,1314,5220,名詞,副詞可能,*,*,*,*,今次,コンジ,コンジ,オウイ,オウイ
傍ら,1314,1314,5497,名詞,副詞可能,*,*,*,*,傍ら,カタワラ,カタワラ,アアアア,アアアア
反面,1314,1314,5178,名詞,副詞可能,*,*,*,*,反面,ハンメン,ハンメン,アウエウ,アウエウ
一章,1314,1314,4397,名詞,副詞可能,*,*,*,*,一章,イッショウ,イッショー,イウイオウ,イウイオ
さっき,1314,1314,6575,名詞,副詞可能,*,*,*,*,さっき,サッキ,サッキ,アウイ,アウイ
あいだ,1314,1314,6701,名詞,副詞可能,*,*,*,*,あいだ,アイダ,アイダ,アイア,アイア
隔年,1314,1314,5478,名詞,副詞可能,*,*,*,*,隔年,カクネン,カクネン,アウエウ,アウエウ
後半,1314,1314,4009,名詞,副詞可能,*,*,*,*,後半,コウハン,コーハン,オウアウ,オアウ
案外,1314,1314,5576,名詞,副詞可能,*,*,*,*,案外,アンガイ,アンガイ,アウアイ,アウアイ
先般,1314,1314,5219,名詞,副詞可能,*,*,*,*,先般,センパン,センパン,エウアウ,エウアウ
本年,1314,1314,5229,名詞,副詞可能,*,*,*,*,本年,ホンネン,ホンネン,オウエウ,オウエウ
初年,1314,1314,5235,名詞,副詞可能,*,*,*,*,初年,ショネン,ショネン,イオエウ,イオエウ
真夏,1314,1314,5760,名詞,副詞可能,*,*,*,*,真夏,マナツ,マナツ,アアウ,アアウ
昨冬,1314,1314,5216,名詞,副詞可能,*,*,*,*,昨冬,サクトウ,サクトー,アウオウ,アウオ
平常,1314,1314,5581,名詞,副詞可能,*,*,*,*,平常,ヘイジョウ,ヘイジョー,エイイオウ,エイイオ
次第,1314,1314,5711,名詞,副詞可能,*,*,*,*,次第,シダイ,シダイ,イアイ,イアイ
中葉,1314,1314,5431,名詞,副詞可能,*,*,*,*,中葉,チュウヨウ,チューヨー,イウウオウ,イウオ
元年,1314,1314,5140,名詞,副詞可能,*,*,*,*,元年,ガンネン,ガンネン,アウエウ,アウエウ
前週,1314,1314,6034,名詞,副詞可能,*,*,*,*,前週,ゼンシュウ,ゼンシュー,エウイウウ,エウイウ
一矢,1314,1314,3882,名詞,副詞可能,*,*,*,*,一矢,イッシ,イッシ,イウイ,イウイ
太古,1314,1314,4968,名詞,副詞可能,*,*,*,*,太古,タイコ,タイコ,アイオ,アイオ
万世,1314,1314,4173,名詞,副詞可能,*,*,*,*,万世,バンセイ,バンセイ,アウエイ,アウエイ
一昼夜,1314,1314,4046,名詞,副詞可能,*,*,*,*,一昼夜,イッチュウヤ,イッチューヤ,イウイウウア,イウイウア
その時,1314,1314,9776,名詞,副詞可能,*,*,*,*,その時,ソノトキ,ソノトキ,オオオイ,オオオイ
半日,1314,1314,4505,名詞,副詞可能,*,*,*,*,半日,ハンニチ,ハンニチ,アウイイ,アウイイ
かわり,1314,1314,6271,名詞,副詞可能,*,*,*,*,かわり,カワリ,カワリ,アアイ,アアイ
毎次,1314,1314,5221,名詞,副詞可能,*,*,*,*,毎次,マイジ,マイジ,アイイ,アイイ
事実,1314,1314,5071,名詞,副詞可能,*,*,*,*,事実,ジジツ,ジジツ,イイウ,イイウ
総て,1314,1314,5007,名詞,副詞可能,*,*,*,*,総て,スベテ,スベテ,ウエエ,ウエエ
生々世々,1314,1314,5221,名詞,副詞可能,*,*,*,*,生々世々,ショウジョウセゼ,ショージョーセゼ,イオウイオウエエ,イオイオエエ
とおり,1314,1314,6738,名詞,副詞可能,*,*,*,*,とおり,トオリ,トーリ,オオイ,オイ
将来,1314,1314,4806,名詞,副詞可能,*,*,*,*,将来,ショウライ,ショーライ,イオウアイ,イオアイ
真際,1314,1314,5189,名詞,副詞可能,*,*,*,*,真際,マギワ,マギワ,アイア,アイア
まっ最中,1314,1314,6276,名詞,副詞可能,*,*,*,*,まっ最中,マッサイチュウ,マッサイチュー,アウアイイウウ,アウアイイウ
月曜日,1314,1314,5072,名詞,副詞可能,*,*,*,*,月曜日,ゲツヨウビ,ゲツヨービ,エウオウイ,エウオイ
瞬間,1314,1314,5218,名詞,副詞可能,*,*,*,*,瞬間,シュンカン,シュンカン,イウウアウ,イウウアウ
処処,1314,1314,5152,名詞,副詞可能,*,*,*,*,処処,トコロドコロ,トコロドコロ,オオオオオオ,オオオオオオ
冬季,1314,1314,5679,名詞,副詞可能,*,*,*,*,冬季,トウキ,トーキ,オウイ,オイ
宵,1314,1314,4448,名詞,副詞可能,*,*,*,*,宵,ヨイ,ヨイ,オイ,オイ
いちばん,1314,1314,5348,名詞,副詞可能,*,*,*,*,いちばん,イチバン,イチバン,イイアウ,イイアウ
一年中,1314,1314,5203,名詞,副詞可能,*,*,*,*,一年中,イチネンジュウ,イチネンジュー,イイエウイウウ,イイエウイウ
年末,1314,1314,4138,名詞,副詞可能,*,*,*,*,年末,ネンマツ,ネンマツ,エウアウ,エウアウ
いま,1314,1314,4370,名詞,副詞可能,*,*,*,*,いま,イマ,イマ,イア,イア
早暁,1314,1314,5216,名詞,副詞可能,*,*,*,*,早暁,ソウギョウ,ソーギョー,オウイオウ,オイオ
半ば,1314,1314,5382,名詞,副詞可能,*,*,*,*,半ば,ナカバ,ナカバ,アアア,アアア
双方,1314,1314,6922,名詞,副詞可能,*,*,*,*,双方,ソウホウ,ソーホー,オウオウ,オオ
明年,1314,1314,5221,名詞,副詞可能,*,*,*,*,明年,ミョウネン,ミョーネン,イオウエウ,イオエウ
精いっぱい,1314,1314,6601,名詞,副詞可能,*,*,*,*,精いっぱい,セイイッパイ,セイイッパイ,エイイウアイ,エイイウアイ
ふだん,1314,1314,6108,名詞,副詞可能,*,*,*,*,ふだん,フダン,フダン,ウアウ,ウアウ
戦後,1314,1314,4200,名詞,副詞可能,*,*,*,*,戦後,センゴ,センゴ,エウオ,エウオ
時分,1314,1314,5409,名詞,副詞可能,*,*,*,*,時分,ジブン,ジブン,イウウ,イウウ
一夜,1314,1314,3383,名詞,副詞可能,*,*,*,*,一夜,イチヤ,イチヤ,イイア,イイア
一夜,1314,1314,5022,名詞,副詞可能,*,*,*,*,一夜,ヒトヨ,ヒトヨ,イオオ,イオオ
夕暮れ,1314,1314,4904,名詞,副詞可能,*,*,*,*,夕暮れ,ユウグレ,ユーグレ,ウウウエ,ウウエ
再来週,1314,1314,5092,名詞,副詞可能,*,*,*,*,再来週,サライシュウ,サライシュー,アアイイウウ,アアイイウ
ひとり,1314,1314,7657,名詞,副詞可能,*,*,*,*,ひとり,ヒトリ,ヒトリ,イオイ,イオイ
何かしら,1314,1314,6501,名詞,副詞可能,*,*,*,*,何かしら,ナニカシラ,ナニカシラ,アイアイア,アイアイア
晩節,1314,1314,5221,名詞,副詞可能,*,*,*,*,晩節,バンセツ,バンセツ,アウエウ,アウエウ
隙隙,1314,1314,5221,名詞,副詞可能,*,*,*,*,隙隙,ヒマヒマ,ヒマヒマ,イアイア,イアイア
客年,1314,1314,5478,名詞,副詞可能,*,*,*,*,客年,カクネン,カクネン,アウエウ,アウエウ
一週,1314,1314,4022,名詞,副詞可能,*,*,*,*,一週,イッシュウ,イッシュー,イウイウウ,イウイウ
長時間,1314,1314,5192,名詞,副詞可能,*,*,*,*,長時間,チョウジカン,チョージカン,イオウイアウ,イオイアウ
此の節,1314,1314,5221,名詞,副詞可能,*,*,*,*,此の節,コノセツ,コノセツ,オオエウ,オオエウ
行末,1314,1314,5091,名詞,副詞可能,*,*,*,*,行末,ユクスエ,ユクスエ,ウウウエ,ウウウエ
安息,1314,1314,5322,名詞,副詞可能,*,*,*,*,安息,アンソク,アンソク,アウオウ,アウオウ
大挙,1314,1314,5221,名詞,副詞可能,*,*,*,*,大挙,タイキョ,タイキョ,アイイオ,アイイオ
早晩,1314,1314,4267,名詞,副詞可能,*,*,*,*,早晩,ソウバン,ソーバン,オウアウ,オアウ
前後,1314,1314,-990,名詞,副詞可能,*,*,*,*,前後,ゼンゴ,ゼンゴ,エウオ,エウオ
中ごろ,1314,1314,5485,名詞,副詞可能,*,*,*,*,中ごろ,ナカゴロ,ナカゴロ,アアオオ,アアオオ
ひところ,1314,1314,6348,名詞,副詞可能,*,*,*,*,ひところ,ヒトコロ,ヒトコロ,イオオオ,イオオオ
中世,1314,1314,5903,名詞,副詞可能,*,*,*,*,中世,チュウセイ,チューセイ,イウウエイ,イウエイ
去春,1314,1314,5221,名詞,副詞可能,*,*,*,*,去春,キョシュン,キョシュン,イオイウウ,イオイウウ
この内,1314,1314,6353,名詞,副詞可能,*,*,*,*,この内,コノウチ,コノウチ,オオウイ,オオウイ
半季,1314,1314,5410,名詞,副詞可能,*,*,*,*,半季,ハンキ,ハンキ,アウイ,アウイ
１番,1314,1314,6294,名詞,副詞可能,*,*,*,*,１番,イチバン,イチバン,イイアウ,イイアウ
今後,1314,1314,166,名詞,副詞可能,*,*,*,*,今後,コンゴ,コンゴ,オウオ,オウオ
そのうち,1314,1314,6655,名詞,副詞可能,*,*,*,*,そのうち,ソノウチ,ソノウチ,オオウイ,オオウイ
５月,1314,1314,2591,名詞,副詞可能,*,*,*,*,５月,ゴガツ,ゴガツ,オアウ,オアウ
次回,1314,1314,3503,名詞,副詞可能,*,*,*,*,次回,ジカイ,ジカイ,イアイ,イアイ
尽日,1314,1314,5221,名詞,副詞可能,*,*,*,*,尽日,ジンジツ,ジンジツ,イウイウ,イウイウ
翌日,1314,1314,4377,名詞,副詞可能,*,*,*,*,翌日,ヨクジツ,ヨクジツ,オウイウ,オウイウ
門並,1314,1314,5221,名詞,副詞可能,*,*,*,*,門並,カドナミ,カドナミ,アオアイ,アオアイ
累次,1314,1314,5221,名詞,副詞可能,*,*,*,*,累次,ルイジ,ルイジ,ウイイ,ウイイ
６月,1314,1314,2658,名詞,副詞可能,*,*,*,*,６月,ロクガツ,ロクガツ,オウアウ,オウアウ
近ごろ,1314,1314,5086,名詞,副詞可能,*,*,*,*,近ごろ,チカゴロ,チカゴロ,イアオオ,イアオオ
この程,1314,1314,6201,名詞,副詞可能,*,*,*,*,この程,コノホド,コノホド,オオオオ,オオオオ
前日,1314,1314,1436,名詞,副詞可能,*,*,*,*,前日,ゼンジツ,ゼンジツ,エウイウ,エウイウ
晩年,1314,1314,5089,名詞,副詞可能,*,*,*,*,晩年,バンネン,バンネン,アウエウ,アウエウ
この間,1314,1314,5946,名詞,副詞可能,*,*,*,*,この間,コノカン,コノカン,オオアウ,オオアウ
この間,1314,1314,6767,名詞,副詞可能,*,*,*,*,この間,コノアイダ,コノアイダ,オオアイア,オオアイア
戦前,1314,1314,7199,名詞,副詞可能,*,*,*,*,戦前,センゼン,センゼン,エウエウ,エウエウ
一切合切,1314,1314,4046,名詞,副詞可能,*,*,*,*,一切合切,イッサイガッサイ,イッサイガッサイ,イウアイアウアイ,イウアイアウアイ
下期,1314,1314,4063,名詞,副詞可能,*,*,*,*,下期,シモキ,シモキ,イオイ,イオイ
火曜日,1314,1314,4937,名詞,副詞可能,*,*,*,*,火曜日,カヨウビ,カヨービ,アオウイ,アオイ
今,1314,1314,5232,名詞,副詞可能,*,*,*,*,今,イマ,イマ,イア,イア
一生懸命,1314,1314,3645,名詞,副詞可能,*,*,*,*,一生懸命,イッショウケンメイ,イッショーケンメイ,イウイオウエウエイ,イウイオエウエイ
ひと晩,1314,1314,7619,名詞,副詞可能,*,*,*,*,ひと晩,ヒトバン,ヒトバン,イオアウ,イオアウ
近来,1314,1314,5221,名詞,副詞可能,*,*,*,*,近来,キンライ,キンライ,イウアイ,イウアイ
去年,1314,1314,5220,名詞,副詞可能,*,*,*,*,去年,キョネン,キョネン,イオエウ,イオエウ
早春,1314,1314,5395,名詞,副詞可能,*,*,*,*,早春,ソウシュン,ソーシュン,オウイウウ,オイウウ
晩,1314,1314,4643,名詞,副詞可能,*,*,*,*,晩,バン,バン,アウ,アウ
一時期,1314,1314,2966,名詞,副詞可能,*,*,*,*,一時期,イチジキ,イチジキ,イイイイ,イイイイ
長年,1314,1314,4937,名詞,副詞可能,*,*,*,*,長年,ナガネン,ナガネン,アアエウ,アアエウ
おり,1314,1314,8265,名詞,副詞可能,*,*,*,*,おり,オリ,オリ,オイ,オイ
此の方,1314,1314,5319,名詞,副詞可能,*,*,*,*,此の方,コノカタ,コノカタ,オオアア,オオアア
後月,1314,1314,5221,名詞,副詞可能,*,*,*,*,後月,アトゲツ,アトゲツ,アオエウ,アオエウ
今夏,1314,1314,5034,名詞,副詞可能,*,*,*,*,今夏,コンカ,コンカ,オウア,オウア
朝,1314,1314,4227,名詞,副詞可能,*,*,*,*,朝,アサ,アサ,アア,アア
朝,1314,1314,8416,名詞,副詞可能,*,*,*,*,朝,チョウ,チョー,イオウ,イオ
多く,1314,1314,1069,名詞,副詞可能,*,*,*,*,多く,オオク,オーク,オオウ,オウ
後後,1314,1314,5220,名詞,副詞可能,*,*,*,*,後後,アトアト,アトアト,アオアオ,アオアオ
根こそぎ,1314,1314,4884,名詞,副詞可能,*,*,*,*,根こそぎ,ネコソギ,ネコソギ,エオオイ,エオオイ
年,1314,1314,10401,名詞,副詞可能,*,*,*,*,年,トシ,トシ,オイ,オイ
初旬,1314,1314,4953,名詞,副詞可能,*,*,*,*,初旬,ショジュン,ショジュン,イオイウウ,イオイウウ
つかの間,1314,1314,5811,名詞,副詞可能,*,*,*,*,つかの間,ツカノマ,ツカノマ,ウアオア,ウアオア
他日,1314,1314,5221,名詞,副詞可能,*,*,*,*,他日,タジツ,タジツ,アイウ,アイウ
当代,1314,1314,5054,名詞,副詞可能,*,*,*,*,当代,トウダイ,トーダイ,オウアイ,オアイ
一廉,1314,1314,4237,名詞,副詞可能,*,*,*,*,一廉,ヒトカド,ヒトカド,イオアオ,イオアオ
他年,1314,1314,5222,名詞,副詞可能,*,*,*,*,他年,タネン,タネン,アエウ,アエウ
他面,1314,1314,5220,名詞,副詞可能,*,*,*,*,他面,タメン,タメン,アエウ,アエウ
ひと通り,1314,1314,6375,名詞,副詞可能,*,*,*,*,ひと通り,ヒトトオリ,ヒトトーリ,イオオオイ,イオオイ
時節柄,1314,1314,5209,名詞,副詞可能,*,*,*,*,時節柄,ジセツガラ,ジセツガラ,イエウアア,イエウアア
ひと目,1314,1314,6776,名詞,副詞可能,*,*,*,*,ひと目,ヒトメ,ヒトメ,イオエ,イオエ
先夜,1314,1314,5181,名詞,副詞可能,*,*,*,*,先夜,センヤ,センヤ,エウア,エウア
今年,1314,1314,2848,名詞,副詞可能,*,*,*,*,今年,コトシ,コトシ,オオイ,オオイ
はじめ,1314,1314,4140,名詞,副詞可能,*,*,*,*,はじめ,ハジメ,ハジメ,アイエ,アイエ
此の際,1314,1314,5331,名詞,副詞可能,*,*,*,*,此の際,コノサイ,コノサイ,オオアイ,オオアイ
当年,1314,1314,5202,名詞,副詞可能,*,*,*,*,当年,トウネン,トーネン,オウエウ,オエウ
あとあと,1314,1314,6347,名詞,副詞可能,*,*,*,*,あとあと,アトアト,アトアト,アオアオ,アオアオ
昨今,1314,1314,5196,名詞,副詞可能,*,*,*,*,昨今,サッコン,サッコン,アウオウ,アウオウ
同夜,1314,1314,4467,名詞,副詞可能,*,*,*,*,同夜,ドウヤ,ドーヤ,オウア,オア
数々,1314,1314,4200,名詞,副詞可能,*,*,*,*,数々,カズカズ,カズカズ,アウアウ,アウアウ
一昨昨日,1314,1314,4046,名詞,副詞可能,*,*,*,*,一昨昨日,サキオトトイ,サキオトトイ,アイオオオイ,アイオオオイ
半,1314,1314,11036,名詞,副詞可能,*,*,*,*,半,ハン,ハン,アウ,アウ
此の前,1314,1314,5287,名詞,副詞可能,*,*,*,*,此の前,コノマエ,コノマエ,オオアエ,オオアエ
明晩,1314,1314,5221,名詞,副詞可能,*,*,*,*,明晩,ミョウバン,ミョーバン,イオウアウ,イオアウ
春さき,1314,1314,5203,名詞,副詞可能,*,*,*,*,春さき,ハルサキ,ハルサキ,アウアイ,アウアイ
来年度,1314,1314,5946,名詞,副詞可能,*,*,*,*,来年度,ライネンド,ライネンド,アイエウオ,アイエウオ
金曜,1314,1314,5357,名詞,副詞可能,*,*,*,*,金曜,キンヨウ,キンヨー,イウオウ,イウオ
間近,1314,1314,3815,名詞,副詞可能,*,*,*,*,間近,マヂカ,マジカ,アイア,アイア
世々,1314,1314,5221,名詞,副詞可能,*,*,*,*,世々,ヨヨ,ヨヨ,オオ,オオ
即日,1314,1314,4841,名詞,副詞可能,*,*,*,*,即日,ソクジツ,ソクジツ,オウイウ,オウイウ
昨月,1314,1314,5221,名詞,副詞可能,*,*,*,*,昨月,サクゲツ,サクゲツ,アウエウ,アウエウ
朝方,1314,1314,5153,名詞,副詞可能,*,*,*,*,朝方,アサガタ,アサガタ,アアアア,アアアア
大概,1314,1314,5022,名詞,副詞可能,*,*,*,*,大概,タイガイ,タイガイ,アイアイ,アイアイ
術後,1314,1314,5221,名詞,副詞可能,*,*,*,*,術後,ジュツゴ,ジュツゴ,イウウオ,イウウオ
寸分,1314,1314,5221,名詞,副詞可能,*,*,*,*,寸分,スンブン,スンブン,ウウウウ,ウウウウ
一足,1314,1314,4371,名詞,副詞可能,*,*,*,*,一足,イッソク,イッソク,イウオウ,イウオウ
このあいだ,1314,1314,6452,名詞,副詞可能,*,*,*,*,このあいだ,コノアイダ,コノアイダ,オオアイア,オオアイア
その他,1314,1314,5313,名詞,副詞可能,*,*,*,*,その他,ソノタ,ソノタ,オオア,オオア
一筆,1314,1314,3777,名詞,副詞可能,*,*,*,*,一筆,イッピツ,イッピツ,イウイウ,イウイウ
代々,1314,1314,5180,名詞,副詞可能,*,*,*,*,代々,ダイダイ,ダイダイ,アイアイ,アイアイ
朝夕,1314,1314,4994,名詞,副詞可能,*,*,*,*,朝夕,アサユウ,アサユー,アアウウ,アアウ
少時,1314,1314,4726,名詞,副詞可能,*,*,*,*,少時,ショウジ,ショージ,イオウイ,イオイ
百方,1314,1314,4046,名詞,副詞可能,*,*,*,*,百方,ヒャッポウ,ヒャッポー,イアウオウ,イアウオ
午后,1314,1314,4980,名詞,副詞可能,*,*,*,*,午后,ゴゴ,ゴゴ,オオ,オオ
大略,1314,1314,5221,名詞,副詞可能,*,*,*,*,大略,タイリャク,タイリャク,アイイアウ,アイイアウ
途次,1314,1314,5223,名詞,副詞可能,*,*,*,*,途次,トジ,トジ,オイ,オイ
今期,1314,1314,5632,名詞,副詞可能,*,*,*,*,今期,コンキ,コンキ,オウイ,オウイ
昼前,1314,1314,5563,名詞,副詞可能,*,*,*,*,昼前,ヒルマエ,ヒルマエ,イウアエ,イウアエ
客冬,1314,1314,4926,名詞,副詞可能,*,*,*,*,客冬,カクトウ,カクトー,アウオウ,アウオ
殆ど,1314,1314,4757,名詞,副詞可能,*,*,*,*,殆ど,ホトンド,ホトンド,オオウオ,オオウオ
昼間,1314,1314,4958,名詞,副詞可能,*,*,*,*,昼間,ヒルマ,ヒルマ,イウア,イウア
百代,1314,1314,4046,名詞,副詞可能,*,*,*,*,百代,ヒャクダイ,ヒャクダイ,イアウアイ,イアウアイ
一回,1314,1314,6282,名詞,副詞可能,*,*,*,*,一回,イッカイ,イッカイ,イウアイ,イウアイ
火曜,1314,1314,5002,名詞,副詞可能,*,*,*,*,火曜,カヨウ,カヨー,アオウ,アオ
最期,1314,1314,5275,名詞,副詞可能,*,*,*,*,最期,サイゴ,サイゴ,アイオ,アイオ
一国,1314,1314,10462,名詞,副詞可能,*,*,*,*,一国,イッコク,イッコク,イウオウ,イウオウ
さなか,1314,1314,6270,名詞,副詞可能,*,*,*,*,さなか,サナカ,サナカ,アアア,アアア
今朝,1314,1314,4794,名詞,副詞可能,*,*,*,*,今朝,ケサ,ケサ,エア,エア
今朝,1314,1314,5596,名詞,副詞可能,*,*,*,*,今朝,コンチョウ,コンチョー,オウイオウ,オウイオ
春夏秋冬,1314,1314,5279,名詞,副詞可能,*,*,*,*,春夏秋冬,シュンカシュウトウ,シュンカシュートー,イウウアイウウオウ,イウウアイウオ
朝晩,1314,1314,5221,名詞,副詞可能,*,*,*,*,朝晩,アサバン,アサバン,アアアウ,アアアウ
戦時,1314,1314,6740,名詞,副詞可能,*,*,*,*,戦時,センジ,センジ,エウイ,エウイ
数等,1314,1314,5852,名詞,副詞可能,*,*,*,*,数等,スウトウ,スートー,ウウオウ,ウオ
昼中,1314,1314,5221,名詞,副詞可能,*,*,*,*,昼中,ヒルナカ,ヒルナカ,イウアア,イウアア
年々,1314,1314,3504,名詞,副詞可能,*,*,*,*,年々,ネンネン,ネンネン,エウエウ,エウエウ
当時,1314,1314,2298,名詞,副詞可能,*,*,*,*,当時,トウジ,トージ,オウイ,オイ
時季,1314,1314,4566,名詞,副詞可能,*,*,*,*,時季,ジキ,ジキ,イイ,イイ
十中八九,1314,1314,4046,名詞,副詞可能,*,*,*,*,十中八九,ジュッチュウハック,ジュッチューハック,イウウイウウアウウ,イウウイウアウウ
十中八九,1314,1314,4046,名詞,副詞可能,*,*,*,*,十中八九,ジッチュウハック,ジッチューハック,イウイウウアウウ,イウイウアウウ
今晩,1314,1314,5175,名詞,副詞可能,*,*,*,*,今晩,コンバン,コンバン,オウアウ,オウアウ
永年,1314,1314,4522,名詞,副詞可能,*,*,*,*,永年,エイネン,エイネン,エイエウ,エイエウ
永年,1314,1314,5828,名詞,副詞可能,*,*,*,*,永年,ナガネン,ナガネン,アアエウ,アアエウ
一層,1314,1314,5420,名詞,副詞可能,*,*,*,*,一層,イッソウ,イッソー,イウオウ,イウオ
直接,1314,1314,3792,名詞,副詞可能,*,*,*,*,直接,チョクセツ,チョクセツ,イオウエウ,イオウエウ
各人,1314,1314,5566,名詞,副詞可能,*,*,*,*,各人,カクジン,カクジン,アウイウ,アウイウ
その頃,1314,1314,6348,名詞,副詞可能,*,*,*,*,その頃,ソノコロ,ソノコロ,オオオオ,オオオオ
日毎,1314,1314,5221,名詞,副詞可能,*,*,*,*,日毎,ヒゴト,ヒゴト,イオオ,イオオ
ねこそぎ,1314,1314,6348,名詞,副詞可能,*,*,*,*,ねこそぎ,ネコソギ,ネコソギ,エオオイ,エオオイ
処々,1314,1314,5152,名詞,副詞可能,*,*,*,*,処々,トコロドコロ,トコロドコロ,オオオオオオ,オオオオオオ
此の先,1314,1314,5422,名詞,副詞可能,*,*,*,*,此の先,コノサキ,コノサキ,オオアイ,オオアイ
昨日今日,1314,1314,5221,名詞,副詞可能,*,*,*,*,昨日今日,キノウキョウ,キノーキョー,イオウイオウ,イオイオ
方々,1314,1314,6816,名詞,副詞可能,*,*,*,*,方々,ホウボウ,ホーボー,オウオウ,オオ
夜来,1314,1314,5223,名詞,副詞可能,*,*,*,*,夜来,ヤライ,ヤライ,アアイ,アアイ
きのう,1314,1314,5621,名詞,副詞可能,*,*,*,*,きのう,キノウ,キノー,イオウ,イオ
夜々,1314,1314,5221,名詞,副詞可能,*,*,*,*,夜々,ヨヨ,ヨヨ,オオ,オオ
毎時,1314,1314,5654,名詞,副詞可能,*,*,*,*,毎時,マイジ,マイジ,アイイ,アイイ
今時,1314,1314,5172,名詞,副詞可能,*,*,*,*,今時,イマドキ,イマドキ,イアオイ,イアオイ
この方,1314,1314,7034,名詞,副詞可能,*,*,*,*,この方,コノカタ,コノカタ,オオアア,オオアア
一瞬,1314,1314,4044,名詞,副詞可能,*,*,*,*,一瞬,イッシュン,イッシュン,イウイウウ,イウイウウ
頃日,1314,1314,5221,名詞,副詞可能,*,*,*,*,頃日,ケイジツ,ケイジツ,エイイウ,エイイウ
一昨日,1314,1314,4046,名詞,副詞可能,*,*,*,*,一昨日,オトトイ,オトトイ,オオオイ,オオオイ
八月,1314,1314,2787,名詞,副詞可能,*,*,*,*,八月,ハチガツ,ハチガツ,アイアウ,アイアウ
当夜,1314,1314,5393,名詞,副詞可能,*,*,*,*,当夜,トウヤ,トーヤ,オウア,オア
折,1314,1314,6454,名詞,副詞可能,*,*,*,*,折,オリ,オリ,オイ,オイ
帰りがけ,1314,1314,5221,名詞,副詞可能,*,*,*,*,帰りがけ,カエリガケ,カエリガケ,アエイアエ,アエイアエ
ついたち,1314,1314,6348,名詞,副詞可能,*,*,*,*,ついたち,ツイタチ,ツイタチ,ウイアイ,ウイアイ
少量,1314,1314,4393,名詞,副詞可能,*,*,*,*,少量,ショウリョウ,ショーリョー,イオウイオウ,イオイオ
初頭,1314,1314,3323,名詞,副詞可能,*,*,*,*,初頭,ショトウ,ショトー,イオオウ,イオオ
先晩,1314,1314,5279,名詞,副詞可能,*,*,*,*,先晩,センバン,センバン,エウアウ,エウアウ
初日,1314,1314,5002,名詞,副詞可能,*,*,*,*,初日,ショニチ,ショニチ,イオイイ,イオイイ
明後日,1314,1314,4802,名詞,副詞可能,*,*,*,*,明後日,ミョウゴニチ,ミョーゴニチ,イオウオイイ,イオオイイ
明後日,1314,1314,5606,名詞,副詞可能,*,*,*,*,明後日,アサッテ,アサッテ,アアウエ,アアウエ
毎食,1314,1314,5221,名詞,副詞可能,*,*,*,*,毎食,マイショク,マイショク,アイイオウ,アイイオウ
昨年,1314,1314,4275,名詞,副詞可能,*,*,*,*,昨年,サクネン,サクネン,アウエウ,アウエウ
年初来,1314,1314,5221,名詞,副詞可能,*,*,*,*,年初来,ネンショライ,ネンショライ,エウイオアイ,エウイオアイ
瞬時,1314,1314,4750,名詞,副詞可能,*,*,*,*,瞬時,シュンジ,シュンジ,イウウイ,イウウイ
誠意,1314,1314,3113,名詞,副詞可能,*,*,*,*,誠意,セイイ,セイイ,エイイ,エイイ
千古,1314,1314,4046,名詞,副詞可能,*,*,*,*,千古,センコ,センコ,エウオ,エウオ
自ら,1314,1314,5213,名詞,副詞可能,*,*,*,*,自ら,ミズカラ,ミズカラ,イウアア,イウアア
翌朝,1314,1314,4702,名詞,副詞可能,*,*,*,*,翌朝,ヨクアサ,ヨクアサ,オウアア,オウアア
翌朝,1314,1314,4969,名詞,副詞可能,*,*,*,*,翌朝,ヨクチョウ,ヨクチョー,オウイオウ,オウイオ
時余,1314,1314,5221,名詞,副詞可能,*,*,*,*,時余,ジヨ,ジヨ,イオ,イオ
年来,1314,1314,5155,名詞,副詞可能,*,*,*,*,年来,ネンライ,ネンライ,エウアイ,エウアイ
毎年,1314,1314,2340,名詞,副詞可能,*,*,*,*,毎年,マイトシ,マイトシ,アイオイ,アイオイ
毎年,1314,1314,8047,名詞,副詞可能,*,*,*,*,毎年,マイネン,マイネン,アイエウ,アイエウ
途中,1314,1314,3847,名詞,副詞可能,*,*,*,*,途中,トチュウ,トチュー,オイウウ,オイウ
代代,1314,1314,5221,名詞,副詞可能,*,*,*,*,代代,ダイダイ,ダイダイ,アイアイ,アイアイ
いったん,1314,1314,7694,名詞,副詞可能,*,*,*,*,いったん,イッタン,イッタン,イウアウ,イウアウ
以前,1314,1314,5278,名詞,副詞可能,*,*,*,*,以前,イゼン,イゼン,イエウ,イエウ
昨日,1314,1314,4942,名詞,副詞可能,*,*,*,*,昨日,キノウ,キノー,イオウ,イオ
毎秒,1314,1314,5678,名詞,副詞可能,*,*,*,*,毎秒,マイビョウ,マイビョー,アイイオウ,アイイオ
毎月,1314,1314,5195,名詞,副詞可能,*,*,*,*,毎月,マイツキ,マイツキ,アイウイ,アイウイ
食前,1314,1314,4945,名詞,副詞可能,*,*,*,*,食前,ショクゼン,ショクゼン,イオウエウ,イオウエウ
当今,1314,1314,5175,名詞,副詞可能,*,*,*,*,当今,トウコン,トーコン,オウオウ,オオウ
毎期,1314,1314,5221,名詞,副詞可能,*,*,*,*,毎期,マイキ,マイキ,アイイ,アイイ
紀元前,1314,1314,4857,名詞,副詞可能,*,*,*,*,紀元前,キゲンゼン,キゲンゼン,イエウエウ,イエウエウ
こん度,1314,1314,6300,名詞,副詞可能,*,*,*,*,こん度,コンド,コンド,オウオ,オウオ
以上,1314,1314,7350,名詞,副詞可能,*,*,*,*,以上,イジョウ,イジョー,イイオウ,イイオ
あと,1314,1314,6788,名詞,副詞可能,*,*,*,*,あと,アト,アト,アオ,アオ
夕方,1314,1314,4414,名詞,副詞可能,*,*,*,*,夕方,ユウガタ,ユーガタ,ウウアア,ウアア
一転,1314,1314,3868,名詞,副詞可能,*,*,*,*,一転,イッテン,イッテン,イウエウ,イウエウ
ひと頃,1314,1314,6348,名詞,副詞可能,*,*,*,*,ひと頃,ヒトコロ,ヒトコロ,イオオオ,イオオオ
一斉,1314,1314,1783,名詞,副詞可能,*,*,*,*,一斉,イッセイ,イッセイ,イウエイ,イウエイ
当歳,1314,1314,5221,名詞,副詞可能,*,*,*,*,当歳,トウサイ,トーサイ,オウアイ,オアイ
前夜,1314,1314,3999,名詞,副詞可能,*,*,*,*,前夜,ゼンヤ,ゼンヤ,エウア,エウア
年年,1314,1314,4976,名詞,副詞可能,*,*,*,*,年年,ネンネン,ネンネン,エウエウ,エウエウ
一時,1314,1314,1227,名詞,副詞可能,*,*,*,*,一時,イチジ,イチジ,イイイ,イイイ
一時,1314,1314,4515,名詞,副詞可能,*,*,*,*,一時,ヒトトキ,ヒトトキ,イオオイ,イオオイ
おととい,1314,1314,6348,名詞,副詞可能,*,*,*,*,おととい,オトトイ,オトトイ,オオオイ,オオオイ
平年,1314,1314,4968,名詞,副詞可能,*,*,*,*,平年,ヘイネン,ヘイネン,エイエウ,エイエウ
方今,1314,1314,5221,名詞,副詞可能,*,*,*,*,方今,ホウコン,ホーコン,オウオウ,オオウ
天性,1314,1314,5546,名詞,副詞可能,*,*,*,*,天性,テンセイ,テンセイ,エウエイ,エウエイ
五分,1314,1314,5485,名詞,副詞可能,*,*,*,*,五分,ゴブ,ゴブ,オウ,オウ
一度,1314,1314,7307,名詞,副詞可能,*,*,*,*,一度,イチド,イチド,イイオ,イイオ
復路,1314,1314,5422,名詞,副詞可能,*,*,*,*,復路,フクロ,フクロ,ウウオ,ウウオ
曰く,1314,1314,5218,名詞,副詞可能,*,*,*,*,曰く,イワク,イワク,イアウ,イアウ
途上,1314,1314,4087,名詞,副詞可能,*,*,*,*,途上,トジョウ,トジョー,オイオウ,オイオ
当節,1314,1314,5221,名詞,副詞可能,*,*,*,*,当節,トウセツ,トーセツ,オウエウ,オエウ
早秋,1314,1314,5221,名詞,副詞可能,*,*,*,*,早秋,ソウシュウ,ソーシュー,オウイウウ,オイウ
かたわら,1314,1314,6336,名詞,副詞可能,*,*,*,*,かたわら,カタワラ,カタワラ,アアアア,アアアア
今月,1314,1314,4789,名詞,副詞可能,*,*,*,*,今月,コンゲツ,コンゲツ,オウエウ,オウエウ
今夕,1314,1314,5060,名詞,副詞可能,*,*,*,*,今夕,コンユウ,コンユー,オウウウ,オウウ
月頃,1314,1314,5221,名詞,副詞可能,*,*,*,*,月頃,ツキゴロ,ツキゴロ,ウイオオ,ウイオオ
出会い頭,1314,1314,5221,名詞,副詞可能,*,*,*,*,出会い頭,デアイガシラ,デアイガシラ,エアイアイア,エアイアイア
水無月,1314,1314,5221,名詞,副詞可能,*,*,*,*,水無月,ミナヅキ,ミナズキ,イアウイ,イアウイ
旧来,1314,1314,5583,名詞,副詞可能,*,*,*,*,旧来,キュウライ,キューライ,イウウアイ,イウアイ
夜分,1314,1314,5221,名詞,副詞可能,*,*,*,*,夜分,ヤブン,ヤブン,アウウ,アウウ
下旬,1314,1314,4245,名詞,副詞可能,*,*,*,*,下旬,ゲジュン,ゲジュン,エイウウ,エイウウ
刻下,1314,1314,4491,名詞,副詞可能,*,*,*,*,刻下,コッカ,コッカ,オウア,オウア
翌月,1314,1314,5206,名詞,副詞可能,*,*,*,*,翌月,ヨクゲツ,ヨクゲツ,オウエウ,オウエウ
夜毎,1314,1314,5221,名詞,副詞可能,*,*,*,*,夜毎,ヨゴト,ヨゴト,オオオ,オオオ
ほうぼう,1314,1314,6672,名詞,副詞可能,*,*,*,*,ほうぼう,ホウボウ,ホーボー,オウオウ,オオ
金曜日,1314,1314,5023,名詞,副詞可能,*,*,*,*,金曜日,キンヨウビ,キンヨービ,イウオウイ,イウオイ
文字通り,1314,1314,3332,名詞,副詞可能,*,*,*,*,文字通り,モジドオリ,モジドーリ,オイオオイ,オイオイ
寒中,1314,1314,5221,名詞,副詞可能,*,*,*,*,寒中,カンチュウ,カンチュー,アウイウウ,アウイウ
同期,1314,1314,1880,名詞,副詞可能,*,*,*,*,同期,ドウキ,ドーキ,オウイ,オイ
本初,1314,1314,5319,名詞,副詞可能,*,*,*,*,本初,ホンショ,ホンショ,オウイオ,オウイオ
昨夕,1314,1314,5221,名詞,副詞可能,*,*,*,*,昨夕,サクユウ,サクユー,アウウウ,アウウ
初め,1314,1314,3029,名詞,副詞可能,*,*,*,*,初め,ハジメ,ハジメ,アイエ,アイエ
客臘,1314,1314,5221,名詞,副詞可能,*,*,*,*,客臘,カクロウ,カクロー,アウオウ,アウオ
満都,1314,1314,5221,名詞,副詞可能,*,*,*,*,満都,マント,マント,アウオ,アウオ
居常,1314,1314,5221,名詞,副詞可能,*,*,*,*,居常,キョジョウ,キョジョー,イオイオウ,イオイオ
今冬,1314,1314,5184,名詞,副詞可能,*,*,*,*,今冬,コントウ,コントー,オウオウ,オウオ
上旬,1314,1314,4866,名詞,副詞可能,*,*,*,*,上旬,ジョウジュン,ジョージュン,イオウイウウ,イオイウウ
遠く,1314,1314,5489,名詞,副詞可能,*,*,*,*,遠く,トオク,トーク,オオウ,オウ
一晩,1314,1314,5110,名詞,副詞可能,*,*,*,*,一晩,ヒトバン,ヒトバン,イオアウ,イオアウ
あした,1314,1314,5784,名詞,副詞可能,*,*,*,*,あした,アシタ,アシタ,アイア,アイア
秋涼,1314,1314,5212,名詞,副詞可能,*,*,*,*,秋涼,シュウリョウ,シューリョー,イウウイオウ,イウイオ
あす,1314,1314,6832,名詞,副詞可能,*,*,*,*,あす,アス,アス,アウ,アウ
帰路,1314,1314,5394,名詞,副詞可能,*,*,*,*,帰路,キロ,キロ,イオ,イオ
白昼,1314,1314,5221,名詞,副詞可能,*,*,*,*,白昼,ハクチュウ,ハクチュー,アウイウウ,アウイウ
常時,1314,1314,5215,名詞,副詞可能,*,*,*,*,常時,ジョウジ,ジョージ,イオウイ,イオイ
９月,1314,1314,2467,名詞,副詞可能,*,*,*,*,９月,クガツ,クガツ,ウアウ,ウアウ
この先,1314,1314,7755,名詞,副詞可能,*,*,*,*,この先,コノサキ,コノサキ,オオアイ,オオアイ
その後,1314,1314,1747,名詞,副詞可能,*,*,*,*,その後,ソノゴ,ソノゴ,オオオ,オオオ
半年,1314,1314,1872,名詞,副詞可能,*,*,*,*,半年,ハントシ,ハントシ,アウオイ,アウオイ
夜中,1314,1314,5479,名詞,副詞可能,*,*,*,*,夜中,ヨナカ,ヨナカ,オアア,オアア
倍量,1314,1314,5207,名詞,副詞可能,*,*,*,*,倍量,バイリョウ,バイリョー,アイイオウ,アイイオ
一再,1314,1314,3949,名詞,副詞可能,*,*,*,*,一再,イッサイ,イッサイ,イウアイ,イウアイ
月末,1314,1314,8865,名詞,副詞可能,*,*,*,*,月末,ゲツマツ,ゲツマツ,エウアウ,エウアウ
こないだ,1314,1314,6348,名詞,副詞可能,*,*,*,*,こないだ,コナイダ,コナイダ,オアイア,オアイア
平素,1314,1314,5425,名詞,副詞可能,*,*,*,*,平素,ヘイソ,ヘイソ,エイオ,エイオ
一首,1314,1314,5369,名詞,副詞可能,*,*,*,*,一首,イッシュ,イッシュ,イウイウ,イウイウ
方方,1314,1314,5545,名詞,副詞可能,*,*,*,*,方方,ホウボウ,ホーボー,オウオウ,オオ
一銭,1314,1314,4742,名詞,副詞可能,*,*,*,*,一銭,イッセン,イッセン,イウエウ,イウエウ
全て,1314,1314,5007,名詞,副詞可能,*,*,*,*,全て,スベテ,スベテ,ウエエ,ウエエ
即刻,1314,1314,5201,名詞,副詞可能,*,*,*,*,即刻,ソッコク,ソッコク,オウオウ,オウオウ
ひととき,1314,1314,7052,名詞,副詞可能,*,*,*,*,ひととき,ヒトトキ,ヒトトキ,イオオイ,イオオイ
先年,1314,1314,5217,名詞,副詞可能,*,*,*,*,先年,センネン,センネン,エウエウ,エウエウ
先月,1314,1314,4929,名詞,副詞可能,*,*,*,*,先月,センゲツ,センゲツ,エウエウ,エウエウ
際,1314,1314,7036,名詞,副詞可能,*,*,*,*,際,サイ,サイ,アイ,アイ
後来,1314,1314,5196,名詞,副詞可能,*,*,*,*,後来,コウライ,コーライ,オウアイ,オアイ
一朝,1314,1314,4228,名詞,副詞可能,*,*,*,*,一朝,イッチョウ,イッチョー,イウイオウ,イウイオ
万古,1314,1314,4046,名詞,副詞可能,*,*,*,*,万古,バンコ,バンコ,アウオ,アウオ
さきおととい,1314,1314,6348,名詞,副詞可能,*,*,*,*,さきおととい,サキオトトイ,サキオトトイ,アイオオオイ,アイオオオイ
幼時,1314,1314,5344,名詞,副詞可能,*,*,*,*,幼時,ヨウジ,ヨージ,オウイ,オイ
別れ際,1314,1314,5158,名詞,副詞可能,*,*,*,*,別れ際,ワカレギワ,ワカレギワ,アアエイア,アアエイア
さきおととし,1314,1314,6348,名詞,副詞可能,*,*,*,*,さきおととし,サキオトトシ,サキオトトシ,アイオオオイ,アイオオオイ
相当,1314,1314,6357,名詞,副詞可能,*,*,*,*,相当,ソウトウ,ソートー,オウオウ,オオ
毎回,1314,1314,5188,名詞,副詞可能,*,*,*,*,毎回,マイカイ,マイカイ,アイアイ,アイアイ
真最中,1314,1314,5149,名詞,副詞可能,*,*,*,*,真最中,マッサイチュウ,マッサイチュー,アウアイイウウ,アウアイイウ
午前,1314,1314,4802,名詞,副詞可能,*,*,*,*,午前,ゴゼン,ゴゼン,オエウ,オエウ
日,1314,1314,7973,名詞,副詞可能,*,*,*,*,日,ヒ,ヒ,イ,イ
万代,1314,1314,4041,名詞,副詞可能,*,*,*,*,万代,バンダイ,バンダイ,アウアイ,アウアイ
毎日,1314,1314,4483,名詞,副詞可能,*,*,*,*,毎日,マイニチ,マイニチ,アイイイ,アイイイ
同年,1314,1314,2647,名詞,副詞可能,*,*,*,*,同年,ドウネン,ドーネン,オウエウ,オエウ
終年,1314,1314,5138,名詞,副詞可能,*,*,*,*,終年,シュウネン,シューネン,イウウエウ,イウエウ
先日,1314,1314,3470,名詞,副詞可能,*,*,*,*,先日,センジツ,センジツ,エウイウ,エウイウ
此の間,1314,1314,5325,名詞,副詞可能,*,*,*,*,此の間,コノアイダ,コノアイダ,オオアイア,オオアイア
此の間,1314,1314,5120,名詞,副詞可能,*,*,*,*,此の間,コノカン,コノカン,オオアウ,オオアウ
一糸,1314,1314,3908,名詞,副詞可能,*,*,*,*,一糸,イッシ,イッシ,イウイ,イウイ
一番,1314,1314,1943,名詞,副詞可能,*,*,*,*,一番,イチバン,イチバン,イイアウ,イイアウ
今時分,1314,1314,5221,名詞,副詞可能,*,*,*,*,今時分,イマジブン,イマジブン,イアイウウ,イアイウウ
この度,1314,1314,6596,名詞,副詞可能,*,*,*,*,この度,コノタビ,コノタビ,オオアイ,オオアイ
当初,1314,1314,3358,名詞,副詞可能,*,*,*,*,当初,トウショ,トーショ,オウイオ,オイオ
１１月,1314,1314,1071,名詞,副詞可能,*,*,*,*,１１月,ジュウイチガツ,ジューイチガツ,イウウイイアウ,イウイイアウ
此の程,1314,1314,5051,名詞,副詞可能,*,*,*,*,此の程,コノホド,コノホド,オオオオ,オオオオ
上期,1314,1314,4208,名詞,副詞可能,*,*,*,*,上期,カミキ,カミキ,アイイ,アイイ
一頃,1314,1314,4046,名詞,副詞可能,*,*,*,*,一頃,ヒトコロ,ヒトコロ,イオオオ,イオオオ
今暁,1314,1314,5221,名詞,副詞可能,*,*,*,*,今暁,コンギョウ,コンギョー,オウイオウ,オウイオ
それぞれ,1314,1314,3964,名詞,副詞可能,*,*,*,*,それぞれ,ソレゾレ,ソレゾレ,オエオエ,オエオエ
毎夕,1314,1314,5221,名詞,副詞可能,*,*,*,*,毎夕,マイユウ,マイユー,アイウウ,アイウ
しあさって,1314,1314,6348,名詞,副詞可能,*,*,*,*,しあさって,シアサッテ,シアサッテ,イアアウエ,イアアウエ
日頃,1314,1314,4954,名詞,副詞可能,*,*,*,*,日頃,ヒゴロ,ヒゴロ,イオオ,イオオ
一発,1314,1314,6062,名詞,副詞可能,*,*,*,*,一発,イッパツ,イッパツ,イウアウ,イウアウ
夜長,1314,1314,5175,名詞,副詞可能,*,*,*,*,夜長,ヨナガ,ヨナガ,オアア,オアア
明け暮れ,1314,1314,5221,名詞,副詞可能,*,*,*,*,明け暮れ,アケクレ,アケクレ,アエウエ,アエウエ
中旬,1314,1314,4821,名詞,副詞可能,*,*,*,*,中旬,チュウジュン,チュージュン,イウウイウウ,イウイウウ
ぜんたい,1314,1314,6183,名詞,副詞可能,*,*,*,*,ぜんたい,ゼンタイ,ゼンタイ,エウアイ,エウアイ
五月,1314,1314,2027,名詞,副詞可能,*,*,*,*,五月,ゴガツ,ゴガツ,オアウ,オアウ
夕,1314,1314,3378,名詞,副詞可能,*,*,*,*,夕,ユウ,ユー,ウウ,ウ
夕,1314,1314,6211,名詞,副詞可能,*,*,*,*,夕,ユウベ,ユーベ,ウウエ,ウエ
一挙,1314,1314,3292,名詞,副詞可能,*,*,*,*,一挙,イッキョ,イッキョ,イウイオ,イウイオ
独力,1314,1314,5221,名詞,副詞可能,*,*,*,*,独力,ドクリョク,ドクリョク,オウイオウ,オウイオウ
先先,1314,1314,5151,名詞,副詞可能,*,*,*,*,先先,サキザキ,サキザキ,アイアイ,アイアイ
頃おい,1314,1314,5221,名詞,副詞可能,*,*,*,*,頃おい,コロオイ,コロオイ,オオオイ,オオオイ
ともども,1314,1314,6081,名詞,副詞可能,*,*,*,*,ともども,トモドモ,トモドモ,オオオオ,オオオオ
末々,1314,1314,5221,名詞,副詞可能,*,*,*,*,末々,スエズエ,スエズエ,ウエウエ,ウエウエ
半時,1314,1314,5221,名詞,副詞可能,*,*,*,*,半時,ハントキ,ハントキ,アウオイ,アウオイ
史上,1314,1314,7445,名詞,副詞可能,*,*,*,*,史上,シジョウ,シジョー,イイオウ,イイオ
時刻,1314,1314,5768,名詞,副詞可能,*,*,*,*,時刻,ジコク,ジコク,イオウ,イオウ
半夜,1314,1314,5221,名詞,副詞可能,*,*,*,*,半夜,ハンヤ,ハンヤ,アウア,アウア
不断,1314,1314,5072,名詞,副詞可能,*,*,*,*,不断,フダン,フダン,ウアウ,ウアウ
ひと回り,1314,1314,6096,名詞,副詞可能,*,*,*,*,ひと回り,ヒトマワリ,ヒトマワリ,イオアアイ,イオアアイ
目下,1314,1314,4455,名詞,副詞可能,*,*,*,*,目下,モッカ,モッカ,オウア,オウア
宵の口,1314,1314,5221,名詞,副詞可能,*,*,*,*,宵の口,ヨイノクチ,ヨイノクチ,オイオウイ,オイオウイ
当期,1314,1314,5323,名詞,副詞可能,*,*,*,*,当期,トウキ,トーキ,オウイ,オイ
直前,1314,1314,7230,名詞,副詞可能,*,*,*,*,直前,チョクゼン,チョクゼン,イオウエウ,イオウエウ
昨週,1314,1314,5355,名詞,副詞可能,*,*,*,*,昨週,サクシュウ,サクシュー,アウイウウ,アウイウ
鎧袖一触,1314,1314,5221,名詞,副詞可能,*,*,*,*,鎧袖一触,ガイシュウイッショク,ガイシューイッショク,アイイウウイウイオウ,アイイウイウイオウ
旦夕,1314,1314,5221,名詞,副詞可能,*,*,*,*,旦夕,タンセキ,タンセキ,アウエイ,アウエイ
先程,1314,1314,5292,名詞,副詞可能,*,*,*,*,先程,サキホド,サキホド,アイオオ,アイオオ
十二月,1314,1314,-1153,名詞,副詞可能,*,*,*,*,十二月,ジュウニガツ,ジューニガツ,イウウイアウ,イウイアウ
生生世世,1314,1314,5221,名詞,副詞可能,*,*,*,*,生生世世,ショウジョウセゼ,ショージョーセゼ,イオウイオウエエ,イオイオエエ
刹那,1314,1314,5223,名詞,副詞可能,*,*,*,*,刹那,セツナ,セツナ,エウア,エウア
夜夜,1314,1314,5221,名詞,副詞可能,*,*,*,*,夜夜,ヨヨ,ヨヨ,オオ,オオ
のち,1314,1314,6244,名詞,副詞可能,*,*,*,*,のち,ノチ,ノチ,オイ,オイ
千里,1314,1314,4177,名詞,副詞可能,*,*,*,*,千里,センリ,センリ,エウイ,エウイ
たかだか,1314,1314,5768,名詞,副詞可能,*,*,*,*,たかだか,タカダカ,タカダカ,アアアア,アアアア
一夕,1314,1314,4169,名詞,副詞可能,*,*,*,*,一夕,イッセキ,イッセキ,イウエイ,イウエイ
今頃,1314,1314,5920,名詞,副詞可能,*,*,*,*,今頃,イマゴロ,イマゴロ,イアオオ,イアオオ
七生,1314,1314,4046,名詞,副詞可能,*,*,*,*,七生,シチショウ,シチショー,イイイオウ,イイイオ
後日,1314,1314,5000,名詞,副詞可能,*,*,*,*,後日,ゴジツ,ゴジツ,オイウ,オイウ
どさくさ,1314,1314,6348,名詞,副詞可能,*,*,*,*,どさくさ,ドサクサ,ドサクサ,オアウア,オアウア
一遍,1314,1314,3946,名詞,副詞可能,*,*,*,*,一遍,イッペン,イッペン,イウエウ,イウエウ
２月,1314,1314,4277,名詞,副詞可能,*,*,*,*,２月,ニガツ,ニガツ,イアウ,イアウ
全日,1314,1314,5692,名詞,副詞可能,*,*,*,*,全日,ゼンジツ,ゼンジツ,エウイウ,エウイウ
当月,1314,1314,5221,名詞,副詞可能,*,*,*,*,当月,トウゲツ,トーゲツ,オウエウ,オエウ
日曜,1314,1314,3954,名詞,副詞可能,*,*,*,*,日曜,ニチヨウ,ニチヨー,イイオウ,イイオ
前年,1314,1314,2456,名詞,副詞可能,*,*,*,*,前年,ゼンネン,ゼンネン,エウエウ,エウエウ
多年,1314,1314,5223,名詞,副詞可能,*,*,*,*,多年,タネン,タネン,アエウ,アエウ
例日,1314,1314,5221,名詞,副詞可能,*,*,*,*,例日,レイジツ,レイジツ,エイイウ,エイイウ
爾後,1314,1314,5218,名詞,副詞可能,*,*,*,*,爾後,ジゴ,ジゴ,イオ,イオ
日曜日,1314,1314,5211,名詞,副詞可能,*,*,*,*,日曜日,ニチヨウビ,ニチヨービ,イイオウイ,イイオイ
後年,1314,1314,5788,名詞,副詞可能,*,*,*,*,後年,コウネン,コーネン,オウエウ,オエウ
まま,1314,1314,9053,名詞,副詞可能,*,*,*,*,まま,ママ,ママ,アア,アア
今ごろ,1314,1314,8932,名詞,副詞可能,*,*,*,*,今ごろ,イマゴロ,イマゴロ,イアオオ,イアオオ
一月,1314,1314,4955,名詞,副詞可能,*,*,*,*,一月,イチガツ,イチガツ,イイアウ,イイアウ
真っ昼間,1314,1314,5221,名詞,副詞可能,*,*,*,*,真っ昼間,マッピルマ,マッピルマ,アウイウア,アウイウア
十一月,1314,1314,-26,名詞,副詞可能,*,*,*,*,十一月,ジュウイチガツ,ジューイチガツ,イウウイイアウ,イウイイアウ
後世,1314,1314,5895,名詞,副詞可能,*,*,*,*,後世,コウセイ,コーセイ,オウエイ,オエイ
せんだって,1314,1314,6194,名詞,副詞可能,*,*,*,*,せんだって,センダッテ,センダッテ,エウアウエ,エウアウエ
夜間,1314,1314,6568,名詞,副詞可能,*,*,*,*,夜間,ヤカン,ヤカン,アアウ,アアウ
二三,1314,1314,4243,名詞,副詞可能,*,*,*,*,二三,ニサン,ニサン,イアウ,イアウ
休日,1314,1314,4532,名詞,副詞可能,*,*,*,*,休日,キュウジツ,キュージツ,イウウイウ,イウイウ
一両,1314,1314,4367,名詞,副詞可能,*,*,*,*,一両,イチリョウ,イチリョー,イイイオウ,イイイオ
中間,1314,1314,6496,名詞,副詞可能,*,*,*,*,中間,チュウカン,チューカン,イウウアウ,イウアウ
内心,1314,1314,5316,名詞,副詞可能,*,*,*,*,内心,ナイシン,ナイシン,アイイウ,アイイウ
日々,1314,1314,3104,名詞,副詞可能,*,*,*,*,日々,ヒビ,ヒビ,イイ,イイ
後刻,1314,1314,5224,名詞,副詞可能,*,*,*,*,後刻,ゴコク,ゴコク,オオウ,オオウ
通り,1314,1314,6125,名詞,副詞可能,*,*,*,*,通り,トオリ,トーリ,オオイ,オイ
多数,1314,1314,1774,名詞,副詞可能,*,*,*,*,多数,タスウ,タスー,アウウ,アウ
日夜,1314,1314,7789,名詞,副詞可能,*,*,*,*,日夜,ニチヤ,ニチヤ,イイア,イイア
輓近,1314,1314,4997,名詞,副詞可能,*,*,*,*,輓近,バンキン,バンキン,アウイウ,アウイウ
昨年来,1314,1314,5197,名詞,副詞可能,*,*,*,*,昨年来,サクネンライ,サクネンライ,アウエウアイ,アウエウアイ
未明,1314,1314,4752,名詞,副詞可能,*,*,*,*,未明,ミメイ,ミメイ,イエイ,イエイ
年中,1314,1314,4970,名詞,副詞可能,*,*,*,*,年中,ネンジュウ,ネンジュー,エウイウウ,エウイウ
このほど,1314,1314,3025,名詞,副詞可能,*,*,*,*,このほど,コノホド,コノホド,オオオオ,オオオオ
畢生,1314,1314,5221,名詞,副詞可能,*,*,*,*,畢生,ヒッセイ,ヒッセイ,イウエイ,イウエイ
例年,1314,1314,6762,名詞,副詞可能,*,*,*,*,例年,レイネン,レイネン,エイエウ,エイエウ
最初,1314,1314,7415,名詞,副詞可能,*,*,*,*,最初,サイショ,サイショ,アイイオ,アイイオ
通常,1314,1314,7262,名詞,副詞可能,*,*,*,*,通常,ツウジョウ,ツージョー,ウウイオウ,ウイオ
月曜,1314,1314,5366,名詞,副詞可能,*,*,*,*,月曜,ゲツヨウ,ゲツヨー,エウオウ,エウオ
１月,1314,1314,4338,名詞,副詞可能,*,*,*,*,１月,イチガツ,イチガツ,イイアウ,イイアウ
ほか,1314,1314,2277,名詞,副詞可能,*,*,*,*,ほか,ホカ,ホカ,オア,オア
二月,1314,1314,3467,名詞,副詞可能,*,*,*,*,二月,ニガツ,ニガツ,イアウ,イアウ
毎週,1314,1314,5119,名詞,副詞可能,*,*,*,*,毎週,マイシュウ,マイシュー,アイイウウ,アイイウ
朔,1314,1314,5221,名詞,副詞可能,*,*,*,*,朔,ツイタチ,ツイタチ,ウイアイ,ウイアイ
客歳,1314,1314,5221,名詞,副詞可能,*,*,*,*,客歳,カクサイ,カクサイ,アウアイ,アウアイ
長期間,1314,1314,4809,名詞,副詞可能,*,*,*,*,長期間,チョウキカン,チョーキカン,イオウイアウ,イオイアウ
同月,1314,1314,4731,名詞,副詞可能,*,*,*,*,同月,ドウゲツ,ドーゲツ,オウエウ,オエウ
前月,1314,1314,6203,名詞,副詞可能,*,*,*,*,前月,ゼンゲツ,ゼンゲツ,エウエウ,エウエウ
末末,1314,1314,5221,名詞,副詞可能,*,*,*,*,末末,スエズエ,スエズエ,ウエウエ,ウエウエ
週末,1314,1314,3497,名詞,副詞可能,*,*,*,*,週末,シュウマツ,シューマツ,イウウアウ,イウアウ
七月,1314,1314,2118,名詞,副詞可能,*,*,*,*,七月,シチガツ,シチガツ,イイアウ,イイアウ
きのふ,1314,1314,6348,名詞,副詞可能,*,*,*,*,きのふ,キノフ,キノー,イオウ,イオ
晩夏,1314,1314,5484,名詞,副詞可能,*,*,*,*,晩夏,バンカ,バンカ,アウア,アウア
終日,1314,1314,3410,名詞,副詞可能,*,*,*,*,終日,シュウジツ,シュージツ,イウウイウ,イウイウ
終日,1314,1314,5987,名詞,副詞可能,*,*,*,*,終日,ヒネモス,ヒネモス,イエオウ,イエオウ
精一杯,1314,1314,5220,名詞,副詞可能,*,*,*,*,精一杯,セイイッパイ,セイイッパイ,エイイウアイ,エイイウアイ
満場,1314,1314,5232,名詞,副詞可能,*,*,*,*,満場,マンジョウ,マンジョー,アウイオウ,アウイオ
余日,1314,1314,5221,名詞,副詞可能,*,*,*,*,余日,ヨジツ,ヨジツ,オイウ,オイウ
今年度,1314,1314,3568,名詞,副詞可能,*,*,*,*,今年度,コンネンド,コンネンド,オウエウオ,オウエウオ
水曜日,1314,1314,5119,名詞,副詞可能,*,*,*,*,水曜日,スイヨウビ,スイヨービ,ウイオウイ,ウイオイ
揚句,1314,1314,5221,名詞,副詞可能,*,*,*,*,揚句,アゲク,アゲク,アエウ,アエウ
先度,1314,1314,5292,名詞,副詞可能,*,*,*,*,先度,センド,センド,エウオ,エウオ
三月,1314,1314,2223,名詞,副詞可能,*,*,*,*,三月,サンガツ,サンガツ,アウアウ,アウアウ
結構,1314,1314,6923,名詞,副詞可能,*,*,*,*,結構,ケッコウ,ケッコー,エウオウ,エウオ
挙げ句,1314,1314,5221,名詞,副詞可能,*,*,*,*,挙げ句,アゲク,アゲク,アエウ,アエウ
車中,1314,1314,5352,名詞,副詞可能,*,*,*,*,車中,シャチュウ,シャチュー,イアイウウ,イアイウ
一夜さ,1314,1314,4046,名詞,副詞可能,*,*,*,*,一夜さ,ヒトヨサ,ヒトヨサ,イオオア,イオオア
現在,1314,1314,4303,名詞,副詞可能,*,*,*,*,現在,ゲンザイ,ゲンザイ,エウアイ,エウアイ
一拍,1314,1314,4034,名詞,副詞可能,*,*,*,*,一拍,イッパク,イッパク,イウアウ,イウアウ
昼,1314,1314,3708,名詞,副詞可能,*,*,*,*,昼,ヒル,ヒル,イウ,イウ
各員,1314,1314,5483,名詞,副詞可能,*,*,*,*,各員,カクイン,カクイン,アウイウ,アウイウ
先の日,1314,1314,5221,名詞,副詞可能,*,*,*,*,先の日,サキノヒ,サキノヒ,アイオイ,アイオイ
今さら,1314,1314,5217,名詞,副詞可能,*,*,*,*,今さら,イマサラ,イマサラ,イアアア,イアアア
隙々,1314,1314,5221,名詞,副詞可能,*,*,*,*,隙々,ヒマヒマ,ヒマヒマ,イアイア,イアイア
特段,1314,1314,5520,名詞,副詞可能,*,*,*,*,特段,トクダン,トクダン,オウアウ,オウアウ
おととし,1314,1314,6986,名詞,副詞可能,*,*,*,*,おととし,オトトシ,オトトシ,オオオイ,オオオイ
その日,1314,1314,10096,名詞,副詞可能,*,*,*,*,その日,ソノヒ,ソノヒ,オオイ,オオイ
昼過ぎ,1314,1314,5084,名詞,副詞可能,*,*,*,*,昼過ぎ,ヒルスギ,ヒルスギ,イウウイ,イウウイ
日常,1314,1314,6537,名詞,副詞可能,*,*,*,*,日常,ニチジョウ,ニチジョー,イイイオウ,イイイオ
城内,1314,1314,6134,名詞,副詞可能,*,*,*,*,城内,ジョウナイ,ジョーナイ,イオウアイ,イオアイ
病後,1314,1314,5241,名詞,副詞可能,*,*,*,*,病後,ビョウゴ,ビョーゴ,イオウオ,イオオ
昨夜,1314,1314,5182,名詞,副詞可能,*,*,*,*,昨夜,サクヤ,サクヤ,アウア,アウア
過去,1314,1314,5395,名詞,副詞可能,*,*,*,*,過去,カコ,カコ,アオ,アオ
毎晩,1314,1314,5195,名詞,副詞可能,*,*,*,*,毎晩,マイバン,マイバン,アイアウ,アイアウ
毎度,1314,1314,5221,名詞,副詞可能,*,*,*,*,毎度,マイド,マイド,アイオ,アイオ
真個,1314,1314,5305,名詞,副詞可能,*,*,*,*,真個,シンコ,シンコ,イウオ,イウオ
世世,1314,1314,5221,名詞,副詞可能,*,*,*,*,世世,ヨヨ,ヨヨ,オオ,オオ
先ごろ,1314,1314,4393,名詞,副詞可能,*,*,*,*,先ごろ,サキゴロ,サキゴロ,アイオオ,アイオオ
大体,1314,1314,3890,名詞,副詞可能,*,*,*,*,大体,ダイタイ,ダイタイ,アイアイ,アイアイ
明くる日,1314,1314,5221,名詞,副詞可能,*,*,*,*,明くる日,アクルヒ,アクルヒ,アウウイ,アウウイ
昼休み,1314,1314,5731,名詞,副詞可能,*,*,*,*,昼休み,ヒルヤスミ,ヒルヤスミ,イウアウイ,イウアウイ
以往,1314,1314,4915,名詞,副詞可能,*,*,*,*,以往,イオウ,イオー,イオウ,イオ
様,1314,1314,8218,名詞,副詞可能,*,*,*,*,様,ヨウ,ヨー,オウ,オ
陸路,1314,1314,5221,名詞,副詞可能,*,*,*,*,陸路,リクロ,リクロ,イウオ,イウオ
元三,1314,1314,5222,名詞,副詞可能,*,*,*,*,元三,ガンザン,ガンザン,アウアウ,アウアウ
七日,1314,1314,6848,名詞,副詞可能,*,*,*,*,七日,ナノカ,ナノカ,アオア,アオア
暇々,1314,1314,5221,名詞,副詞可能,*,*,*,*,暇々,ヒマヒマ,ヒマヒマ,イアイア,イアイア
前期,1314,1314,6912,名詞,副詞可能,*,*,*,*,前期,ゼンキ,ゼンキ,エウイ,エウイ
世界一,1314,1314,3139,名詞,副詞可能,*,*,*,*,世界一,セカイイチ,セカイイチ,エアイイイ,エアイイイ
今宵,1314,1314,5214,名詞,副詞可能,*,*,*,*,今宵,コヨイ,コヨイ,オオイ,オオイ
本来,1314,1314,2826,名詞,副詞可能,*,*,*,*,本来,ホンライ,ホンライ,オウアイ,オウアイ
近時,1314,1314,5222,名詞,副詞可能,*,*,*,*,近時,キンジ,キンジ,イウイ,イウイ
昨朝,1314,1314,5221,名詞,副詞可能,*,*,*,*,昨朝,サクチョウ,サクチョー,アウイオウ,アウイオ
幾年,1314,1314,5214,名詞,副詞可能,*,*,*,*,幾年,イクトセ,イクトセ,イウオエ,イウオエ
ことし,1314,1314,5984,名詞,副詞可能,*,*,*,*,ことし,コトシ,コトシ,オオイ,オオイ
おかげ,1314,1314,7888,名詞,副詞可能,*,*,*,*,おかげ,オカゲ,オカゲ,オアエ,オアエ
真冬,1314,1314,5459,名詞,副詞可能,*,*,*,*,真冬,マフユ,マフユ,アウウ,アウウ
旧年,1314,1314,5221,名詞,副詞可能,*,*,*,*,旧年,キュウネン,キューネン,イウウエウ,イウエウ
この前,1314,1314,6805,名詞,副詞可能,*,*,*,*,この前,コノマエ,コノマエ,オオアエ,オオアエ
過般,1314,1314,5260,名詞,副詞可能,*,*,*,*,過般,カハン,カハン,アアウ,アアウ
日中,1314,1314,11909,名詞,副詞可能,*,*,*,*,日中,ニッチュウ,ニッチュー,イウイウウ,イウイウ
方,1314,1314,11173,名詞,副詞可能,*,*,*,*,方,ホウ,ホー,オウ,オ
生涯,1314,1314,5219,名詞,副詞可能,*,*,*,*,生涯,ショウガイ,ショーガイ,イオウアイ,イオアイ
空路,1314,1314,4569,名詞,副詞可能,*,*,*,*,空路,クウロ,クーロ,ウウオ,ウオ
真っ最中,1314,1314,4712,名詞,副詞可能,*,*,*,*,真っ最中,マッサイチュウ,マッサイチュー,アウアイイウウ,アウアイイウ
一昨々年,1314,1314,4046,名詞,副詞可能,*,*,*,*,一昨々年,サキオトトシ,サキオトトシ,アイオオオイ,アイオオオイ
後,1314,1314,10122,名詞,副詞可能,*,*,*,*,後,アト,アト,アオ,アオ
分,1314,1314,10695,名詞,副詞可能,*,*,*,*,分,ブン,ブン,ウウ,ウウ
半額,1314,1314,5236,名詞,副詞可能,*,*,*,*,半額,ハンガク,ハンガク,アウアウ,アウアウ
再度,1314,1314,5591,名詞,副詞可能,*,*,*,*,再度,サイド,サイド,アイオ,アイオ
あくる日,1314,1314,6348,名詞,副詞可能,*,*,*,*,あくる日,アクルヒ,アクルヒ,アウウイ,アウウイ
あげく,1314,1314,6349,名詞,副詞可能,*,*,*,*,あげく,アゲク,アゲク,アエウ,アエウ
六月,1314,1314,1333,名詞,副詞可能,*,*,*,*,六月,ロクガツ,ロクガツ,オウアウ,オウアウ
お昼,1314,1314,7400,名詞,副詞可能,*,*,*,*,お昼,オヒル,オヒル,オイウ,オイウ
結局,1314,1314,4750,名詞,副詞可能,*,*,*,*,結局,ケッキョク,ケッキョク,エウイオウ,エウイオウ
先々,1314,1314,4728,名詞,副詞可能,*,*,*,*,先々,サキザキ,サキザキ,アイアイ,アイアイ
絶対,1314,1314,498,名詞,副詞可能,*,*,*,*,絶対,ゼッタイ,ゼッタイ,エウアイ,エウアイ
ついで,1314,1314,5883,名詞,副詞可能,*,*,*,*,ついで,ツイデ,ツイデ,ウイエ,ウイエ
各自,1314,1314,5196,名詞,副詞可能,*,*,*,*,各自,カクジ,カクジ,アウイ,アウイ
一角,1314,1314,4692,名詞,副詞可能,*,*,*,*,一角,ヒトカド,ヒトカド,イオアオ,イオアオ
年初,1314,1314,5611,名詞,副詞可能,*,*,*,*,年初,ネンショ,ネンショ,エウイオ,エウイオ
晩方,1314,1314,5221,名詞,副詞可能,*,*,*,*,晩方,バンガタ,バンガタ,アウアア,アウアア
新年,1314,1314,4377,名詞,副詞可能,*,*,*,*,新年,シンネン,シンネン,イウエウ,イウエウ
初度,1314,1314,5221,名詞,副詞可能,*,*,*,*,初度,ショド,ショド,イオオ,イオオ
今度,1314,1314,4879,名詞,副詞可能,*,*,*,*,今度,コンド,コンド,オウオ,オウオ
正午,1314,1314,4565,名詞,副詞可能,*,*,*,*,正午,ショウゴ,ショーゴ,イオウオ,イオオ
生前,1314,1314,5086,名詞,副詞可能,*,*,*,*,生前,セイゼン,セイゼン,エイエウ,エイエウ
旧時,1314,1314,5214,名詞,副詞可能,*,*,*,*,旧時,キュウジ,キュージ,イウウイ,イウイ
真っすぐ,1314,1314,5185,名詞,副詞可能,*,*,*,*,真っすぐ,マッスグ,マッスグ,アウウウ,アウウウ
未来永劫,1314,1314,5221,名詞,副詞可能,*,*,*,*,未来永劫,ミライエイゴウ,ミライエイゴー,イアイエイオウ,イアイエイオ
ところどころ,1314,1314,5928,名詞,副詞可能,*,*,*,*,ところどころ,トコロドコロ,トコロドコロ,オオオオオオ,オオオオオオ
明朝,1314,1314,5221,名詞,副詞可能,*,*,*,*,明朝,ミョウチョウ,ミョーチョー,イオウイオウ,イオイオ
去月,1314,1314,5221,名詞,副詞可能,*,*,*,*,去月,キョゲツ,キョゲツ,イオエウ,イオエウ
前年度,1314,1314,1059,名詞,副詞可能,*,*,*,*,前年度,ゼンネンド,ゼンネンド,エウエウオ,エウエウオ
間,1314,1314,11056,名詞,副詞可能,*,*,*,*,間,アイダ,アイダ,アイア,アイア
間,1314,1314,10462,名詞,副詞可能,*,*,*,*,間,カン,カン,アウ,アウ
一滴,1314,1314,3807,名詞,副詞可能,*,*,*,*,一滴,イッテキ,イッテキ,イウエイ,イウエイ
ひとりひとり,1314,1314,6340,名詞,副詞可能,*,*,*,*,ひとりひとり,ヒトリヒトリ,ヒトリヒトリ,イオイイオイ,イオイイオイ
程,1314,1314,7114,名詞,副詞可能,*,*,*,*,程,ホド,ホド,オオ,オオ
末,1314,1314,6189,名詞,副詞可能,*,*,*,*,末,スエ,スエ,ウエ,ウエ
末,1314,1314,6643,名詞,副詞可能,*,*,*,*,末,マツ,マツ,アウ,アウ
７月,1314,1314,2709,名詞,副詞可能,*,*,*,*,７月,シチガツ,シチガツ,イイアウ,イイアウ
昨年度,1314,1314,5095,名詞,副詞可能,*,*,*,*,昨年度,サクネンド,サクネンド,アウエウオ,アウエウオ
随分,1314,1314,5650,名詞,副詞可能,*,*,*,*,随分,ズイブン,ズイブン,ウイウウ,ウイウウ
始め,1314,1314,4728,名詞,副詞可能,*,*,*,*,始め,ハジメ,ハジメ,アイエ,アイエ
偶然,1314,1314,3137,名詞,副詞可能,*,*,*,*,偶然,グウゼン,グーゼン,ウウエウ,ウエウ
日日,1314,1314,5037,名詞,副詞可能,*,*,*,*,日日,ヒビ,ヒビ,イイ,イイ
近日,1314,1314,4734,名詞,副詞可能,*,*,*,*,近日,キンジツ,キンジツ,イウイウ,イウイウ
今秋,1314,1314,4990,名詞,副詞可能,*,*,*,*,今秋,コンシュウ,コンシュー,オウイウウ,オウイウ
十月,1314,1314,3671,名詞,副詞可能,*,*,*,*,十月,ジュウガツ,ジューガツ,イウウアウ,イウアウ
月々,1314,1314,5639,名詞,副詞可能,*,*,*,*,月々,ツキヅキ,ツキズキ,ウイウイ,ウイウイ
毎号,1314,1314,5221,名詞,副詞可能,*,*,*,*,毎号,マイゴウ,マイゴー,アイオウ,アイオ
毎夜,1314,1314,5206,名詞,副詞可能,*,*,*,*,毎夜,マイヨ,マイヨ,アイオ,アイオ
来秋,1314,1314,5154,名詞,副詞可能,*,*,*,*,来秋,ライシュウ,ライシュー,アイイウウ,アイイウ
先週,1314,1314,4581,名詞,副詞可能,*,*,*,*,先週,センシュウ,センシュー,エウイウウ,エウイウ
昼日中,1314,1314,5221,名詞,副詞可能,*,*,*,*,昼日中,ヒルヒナカ,ヒルヒナカ,イウイアア,イウイアア
随時,1314,1314,5266,名詞,副詞可能,*,*,*,*,随時,ズイジ,ズイジ,ウイイ,ウイイ
隔日,1314,1314,5127,名詞,副詞可能,*,*,*,*,隔日,カクジツ,カクジツ,アウイウ,アウイウ
当季,1314,1314,5197,名詞,副詞可能,*,*,*,*,当季,トウキ,トーキ,オウイ,オイ
大昔,1314,1314,5203,名詞,副詞可能,*,*,*,*,大昔,オオムカシ,オームカシ,オオウアイ,オウアイ
みな,1314,1314,6913,名詞,副詞可能,*,*,*,*,みな,ミナ,ミナ,イア,イア
四月,1314,1314,4070,名詞,副詞可能,*,*,*,*,四月,シガツ,シガツ,イアウ,イアウ
同日,1314,1314,2865,名詞,副詞可能,*,*,*,*,同日,ドウジツ,ドージツ,オウイウ,オイウ
幾とせ,1314,1314,5172,名詞,副詞可能,*,*,*,*,幾とせ,イクトセ,イクトセ,イウオエ,イウオエ
最近,1314,1314,3412,名詞,副詞可能,*,*,*,*,最近,サイキン,サイキン,アイイウ,アイイウ
亡き後,1314,1314,5197,名詞,副詞可能,*,*,*,*,亡き後,ナキアト,ナキアト,アイアオ,アイアオ
半月,1314,1314,5582,名詞,副詞可能,*,*,*,*,半月,ハンツキ,ハンツキ,アウウイ,アウウイ
最中,1314,1314,3253,名詞,副詞可能,*,*,*,*,最中,サイチュウ,サイチュー,アイイウウ,アイイウ
普段,1314,1314,3562,名詞,副詞可能,*,*,*,*,普段,フダン,フダン,ウアウ,ウアウ
あさって,1314,1314,6447,名詞,副詞可能,*,*,*,*,あさって,アサッテ,アサッテ,アアウエ,アアウエ
真昼間,1314,1314,5221,名詞,副詞可能,*,*,*,*,真昼間,マッピルマ,マッピルマ,アウイウア,アウイウア
連日,1314,1314,5149,名詞,副詞可能,*,*,*,*,連日,レンジツ,レンジツ,エウイウ,エウイウ
どおり,1314,1314,6279,名詞,副詞可能,*,*,*,*,どおり,ドオリ,ドーリ,オオイ,オイ
こんど,1314,1314,6299,名詞,副詞可能,*,*,*,*,こんど,コンド,コンド,オウオ,オウオ
鋭意,1314,1314,5221,名詞,副詞可能,*,*,*,*,鋭意,エイイ,エイイ,エイイ,エイイ
初冬,1314,1314,4881,名詞,副詞可能,*,*,*,*,初冬,ショトウ,ショトー,イオオウ,イオオ
凡て,1314,1314,5007,名詞,副詞可能,*,*,*,*,凡て,スベテ,スベテ,ウエエ,ウエエ
半道,1314,1314,5221,名詞,副詞可能,*,*,*,*,半道,ハンミチ,ハンミチ,アウイイ,アウイイ
前,1314,1314,3275,名詞,副詞可能,*,*,*,*,前,マエ,マエ,アエ,アエ
前,1314,1314,9950,名詞,副詞可能,*,*,*,*,前,ゼン,ゼン,エウ,エウ
雨下,1314,1314,5302,名詞,副詞可能,*,*,*,*,雨下,ウカ,ウカ,ウア,ウア
適宜,1314,1314,3625,名詞,副詞可能,*,*,*,*,適宜,テキギ,テキギ,エイイ,エイイ
終生,1314,1314,5302,名詞,副詞可能,*,*,*,*,終生,シュウセイ,シューセイ,イウウエイ,イウエイ
隔週,1314,1314,5459,名詞,副詞可能,*,*,*,*,隔週,カクシュウ,カクシュー,アウイウウ,アウイウ
後々,1314,1314,5213,名詞,副詞可能,*,*,*,*,後々,アトアト,アトアト,アオアオ,アオアオ
揚げ句,1314,1314,5222,名詞,副詞可能,*,*,*,*,揚げ句,アゲク,アゲク,アエウ,アエウ
旧冬,1314,1314,5317,名詞,副詞可能,*,*,*,*,旧冬,キュウトウ,キュートー,イウウオウ,イウオ
当日,1314,1314,3981,名詞,副詞可能,*,*,*,*,当日,トウジツ,トージツ,オウイウ,オイウ
一部,1314,1314,463,名詞,副詞可能,*,*,*,*,一部,イチブ,イチブ,イイウ,イイウ
諸共,1314,1314,5221,名詞,副詞可能,*,*,*,*,諸共,モロトモ,モロトモ,オオオオ,オオオオ
今週,1314,1314,3948,名詞,副詞可能,*,*,*,*,今週,コンシュウ,コンシュー,オウイウウ,オウイウ
軒並み,1314,1314,4058,名詞,副詞可能,*,*,*,*,軒並み,ノキナミ,ノキナミ,オイアイ,オイアイ
今般,1314,1314,5221,名詞,副詞可能,*,*,*,*,今般,コンパン,コンパン,オウアウ,オウアウ
一切,1314,1314,2098,名詞,副詞可能,*,*,*,*,一切,イッサイ,イッサイ,イウアイ,イウアイ
半期,1314,1314,6688,名詞,副詞可能,*,*,*,*,半期,ハンキ,ハンキ,アウイ,アウイ
日ごろ,1314,1314,5744,名詞,副詞可能,*,*,*,*,日ごろ,ヒゴロ,ヒゴロ,イオオ,イオオ
この際,1314,1314,7115,名詞,副詞可能,*,*,*,*,この際,コノサイ,コノサイ,オオアイ,オオアイ
当面,1314,1314,4366,名詞,副詞可能,*,*,*,*,当面,トウメン,トーメン,オウエウ,オエウ
先刻,1314,1314,5221,名詞,副詞可能,*,*,*,*,先刻,センコク,センコク,エウオウ,エウオウ
月旦,1314,1314,5221,名詞,副詞可能,*,*,*,*,月旦,ゲッタン,ゲッタン,エウアウ,エウアウ
古代,1314,1314,6183,名詞,副詞可能,*,*,*,*,古代,コダイ,コダイ,オアイ,オアイ
１０月,1314,1314,2842,名詞,副詞可能,*,*,*,*,１０月,ジュウガツ,ジューガツ,イウウアウ,イウアウ
終世,1314,1314,5278,名詞,副詞可能,*,*,*,*,終世,シュウセイ,シューセイ,イウウエイ,イウエイ
行く末,1314,1314,4734,名詞,副詞可能,*,*,*,*,行く末,ユクスエ,ユクスエ,ウウウエ,ウウウエ
冬期,1314,1314,5197,名詞,副詞可能,*,*,*,*,冬期,トウキ,トーキ,オウイ,オイ
長日,1314,1314,5221,名詞,副詞可能,*,*,*,*,長日,チョウジツ,チョージツ,イオウイウ,イオイウ
三時,1314,1314,2818,名詞,副詞可能,*,*,*,*,三時,サンジ,サンジ,アウイ,アウイ
いまどき,1314,1314,6870,名詞,副詞可能,*,*,*,*,いまどき,イマドキ,イマドキ,イアオイ,イアオイ
月央,1314,1314,5221,名詞,副詞可能,*,*,*,*,月央,ゲツオウ,ゲツオー,エウオウ,エウオ
一歩,1314,1314,8622,名詞,副詞可能,*,*,*,*,一歩,イッポ,イッポ,イウオ,イウオ
今日,1314,1314,4263,名詞,副詞可能,*,*,*,*,今日,キョウ,キョー,イオウ,イオ
今日,1314,1314,5290,名詞,副詞可能,*,*,*,*,今日,コンニチ,コンニチ,オウイイ,オウイイ
今夜,1314,1314,5092,名詞,副詞可能,*,*,*,*,今夜,コンヤ,コンヤ,オウア,オウア
